,AllTotalQty,BuyTotalQty,SellTotalQty,YesTotalQty,NoTotalQty,YesBuyTotalQty,YesSellTotalQty,NoBuyTotalQty,NoSellTotalQty,AllMaxQty,BuyMaxQty,SellMaxQty,YesMaxQty,NoMaxQty,YesBuyMaxQty,YesSellMaxQty,NoBuyMaxQty,NoSellMaxQty,AllMinQty,BuyMinQty,SellMinQty,YesMinQty,NoMinQty,YesBuyMinQty,YesSellMinQty,NoBuyMinQty,NoSellMinQty,AllAvgQty,BuyAvgQty,SellAvgQty,YesAvgQty,NoAvgQty,YesBuyAvgQty,YesSellAvgQty,NoBuyAvgQty,NoSellAvgQty,AllTradeCount,BuyTradeCount,SellTradeCount,YesTradeCount,NoTradeCount,YesBuyTradeCount,YesSellTradeCount,NoBuyTradeCount,NoSellTradeCount,AllMaxPrice,BuyMaxPrice,SellMaxPrice,YesMaxPrice,NoMaxPrice,YesBuyMaxPrice,YesSellMaxPrice,NoBuyMaxPrice,NoSellMaxPrice,AllMinPrice,BuyMinPrice,SellMinPrice,YesMinPrice,NoMinPrice,YesBuyMinPrice,YesSellMinPrice,NoBuyMinPrice,NoSellMinPrice,AllAvgPrice,BuyAvgPrice,SellAvgPrice,YesAvgPrice,NoAvgPrice,YesBuyAvgPrice,YesSellAvgPrice,NoBuyAvgPrice,NoSellAvgPrice,ScalpTotalPnL,ScalpYesPnL,ScalpNoPnL,OverallPnL
10012,1270.0,642.0,628.0,461.0,809.0,230.0,231.0,412.0,397.0,34.0,34.0,29.0,24.0,34.0,22.0,24.0,34.0,29.0,1.0,1.0,1.0,1.0,1.0,1.0,1.0,1.0,1.0,6.105769230769231,9.04225352112676,4.583941605839416,6.1466666666666665,6.082706766917293,10.952380952380953,4.277777777777778,8.24,4.783132530120482,208,71,137,75,133,21,54,50,83,99.0,99.0,97.0,66.0,99.0,65.0,66.0,99.0,97.0,16.0,35.0,16.0,16.0,39.0,35.0,16.0,45.0,39.0,56.15865384615385,59.140845070422536,54.613138686131386,46.0,61.88721804511278,49.142857142857146,44.77777777777778,63.34,61.01204819277108,-3571.0,-1188.0,-2383.0,-3864.6400000000012
10030,1048.0,539.0,509.0,597.0,451.0,306.0,291.0,233.0,218.0,18.0,17.0,18.0,18.0,17.0,15.0,18.0,17.0,13.0,1.0,1.0,1.0,1.0,1.0,1.0,1.0,1.0,1.0,4.657777777777778,5.858695652173913,3.827067669172932,4.5227272727272725,4.849462365591398,5.275862068965517,3.9324324324324325,6.852941176470588,3.694915254237288,225,92,133,132,93,58,74,34,59,71.0,71.0,67.0,71.0,64.0,71.0,67.0,64.0,62.0,14.0,42.0,14.0,14.0,32.0,43.0,14.0,42.0,32.0,51.24,53.858695652173914,49.42857142857143,53.07575757575758,48.634408602150536,55.689655172413794,51.027027027027025,50.73529411764706,47.42372881355932,-3646.0,-2141.0,-1505.0,-2167.310000000002
9998,781.0,392.0,389.0,781.0,0.0,392.0,389.0,0.0,0.0,52.0,52.0,36.0,52.0,,52.0,36.0,,,1.0,1.0,1.0,1.0,,1.0,1.0,,,8.48913043478261,9.560975609756097,7.627450980392157,8.48913043478261,,9.560975609756097,7.627450980392157,,,92,41,51,92,0,41,51,0,0,97.0,97.0,96.0,97.0,,97.0,96.0,,,79.0,79.0,79.0,79.0,,79.0,79.0,,,87.16304347826087,87.5609756097561,86.84313725490196,87.16304347826087,,87.5609756097561,86.84313725490196,,,-776.0,-776.0,0.0,-773.6600000000035
9964,534.0,299.0,235.0,496.0,38.0,280.0,216.0,19.0,19.0,26.0,26.0,20.0,26.0,15.0,26.0,20.0,15.0,15.0,1.0,1.0,1.0,1.0,2.0,1.0,1.0,2.0,2.0,5.235294117647059,6.644444444444445,4.12280701754386,5.166666666666667,6.333333333333333,6.666666666666667,4.0,6.333333333333333,6.333333333333333,102,45,57,96,6,42,54,3,3,95.0,95.0,95.0,95.0,65.0,95.0,95.0,65.0,31.0,24.0,25.0,24.0,29.0,24.0,69.0,29.0,25.0,24.0,75.49019607843137,80.31111111111112,71.6842105263158,78.11458333333333,33.5,83.19047619047619,74.16666666666667,40.0,27.0,-6458.0,-5847.0,-611.0,-200.32999999999993
9993,1130.0,565.0,565.0,892.0,238.0,446.0,446.0,119.0,119.0,69.0,69.0,59.0,69.0,22.0,69.0,59.0,22.0,12.0,1.0,1.0,1.0,1.0,1.0,1.0,1.0,1.0,1.0,6.494252873563219,9.912280701754385,4.829059829059829,6.861538461538461,5.409090909090909,10.878048780487806,5.01123595505618,7.4375,4.25,174,57,117,130,44,41,89,16,28,72.0,72.0,66.0,63.0,72.0,63.0,53.0,72.0,66.0,24.0,24.0,25.0,24.0,34.0,24.0,25.0,57.0,34.0,42.50574712643678,46.24561403508772,40.68376068376068,37.43076923076923,57.5,40.53658536585366,36.0,60.875,55.57142857142857,-3167.0,-2484.0,-683.0,-3348.5100000000034
9949,607.0,311.0,296.0,136.0,471.0,68.0,68.0,243.0,228.0,86.0,86.0,36.0,28.0,86.0,28.0,26.0,86.0,36.0,1.0,1.0,1.0,2.0,1.0,20.0,2.0,1.0,1.0,9.059701492537313,12.44,7.0476190476190474,17.0,7.983050847457627,22.666666666666668,13.6,11.045454545454545,6.162162162162162,67,25,42,8,59,3,5,22,37,99.0,99.0,64.0,44.0,99.0,44.0,41.0,99.0,64.0,36.0,40.0,36.0,36.0,51.0,40.0,36.0,51.0,51.0,54.582089552238806,56.52,53.42857142857143,40.375,56.50847457627118,41.666666666666664,39.6,58.54545454545455,55.2972972972973,-2244.0,-192.0,-2052.0,-830.1300000000003
92301,0.0,0.0,0.0,0.0,0.0,0.0,0.0,0.0,0.0,,,,,,,,,,,,,,,,,,,,,,,,,,,,0,0,0,0,0,0,0,0,0,,,,,,,,,,,,,,,,,,,,,,,,,,,,0.0,0.0,0.0,50000.0
8978,6.0,6.0,0.0,6.0,0.0,6.0,0.0,0.0,0.0,1.0,1.0,,1.0,,1.0,,,,1.0,1.0,,1.0,,1.0,,,,1.0,1.0,,1.0,,1.0,,,,6,6,0,6,0,6,0,0,0,3.0,3.0,,3.0,,3.0,,,,2.0,2.0,,2.0,,2.0,,,,2.1666666666666665,2.1666666666666665,,2.1666666666666665,,2.1666666666666665,,,,-13.0,-13.0,0.0,0.0
9877,319.0,179.0,140.0,207.0,112.0,109.0,98.0,70.0,42.0,28.0,28.0,10.0,15.0,28.0,15.0,10.0,28.0,6.0,1.0,1.0,1.0,1.0,1.0,1.0,1.0,1.0,1.0,3.625,5.424242424242424,2.5454545454545454,3.6315789473684212,3.6129032258064515,4.954545454545454,2.8,6.363636363636363,2.1,88,33,55,57,31,22,35,11,20,73.0,73.0,73.0,73.0,50.0,73.0,73.0,50.0,49.0,35.0,35.0,37.0,55.0,35.0,55.0,57.0,35.0,37.0,59.57954545454545,59.81818181818182,59.43636363636364,68.05263157894737,44.0,67.77272727272727,68.22857142857143,43.90909090909091,44.05,-2212.0,-1007.0,-1205.0,-1156.3100000000002
9878,72.0,36.0,36.0,0.0,72.0,0.0,0.0,36.0,36.0,15.0,15.0,10.0,,15.0,,,15.0,10.0,1.0,1.0,1.0,,1.0,,,1.0,1.0,4.5,7.2,3.272727272727273,,4.5,,,7.2,3.272727272727273,16,5,11,0,16,0,0,5,11,60.0,60.0,60.0,,60.0,,,60.0,60.0,57.0,57.0,57.0,,57.0,,,57.0,57.0,59.1875,58.8,59.36363636363637,,59.1875,,,58.8,59.36363636363637,16.0,0.0,16.0,7.1400000000001
9842,1286.0,653.0,633.0,214.0,1072.0,107.0,107.0,546.0,526.0,56.0,56.0,31.0,16.0,56.0,11.0,16.0,56.0,31.0,1.0,1.0,1.0,1.0,1.0,1.0,1.0,1.0,1.0,5.567099567099567,6.160377358490566,5.064,4.458333333333333,5.85792349726776,4.115384615384615,4.863636363636363,6.825,5.106796116504855,231,106,125,48,183,26,22,80,103,96.0,96.0,95.0,71.0,96.0,71.0,69.0,96.0,95.0,25.0,28.0,25.0,25.0,28.0,36.0,25.0,28.0,29.0,65.00432900432901,63.9811320754717,65.872,56.770833333333336,67.1639344262295,57.5,55.90909090909091,66.0875,68.0,-2238.0,-560.0,-1678.0,-584.5599999999965
9841,896.0,448.0,448.0,442.0,454.0,221.0,221.0,227.0,227.0,52.0,52.0,23.0,24.0,52.0,24.0,19.0,52.0,23.0,1.0,1.0,1.0,1.0,1.0,1.0,1.0,1.0,1.0,5.397590361445783,7.0,4.392156862745098,6.054794520547945,4.881720430107527,7.129032258064516,5.261904761904762,6.878787878787879,3.783333333333333,166,64,102,73,93,31,42,33,60,90.0,90.0,90.0,90.0,60.0,90.0,90.0,60.0,59.0,12.0,40.0,12.0,48.0,12.0,48.0,48.0,40.0,12.0,50.55421686746988,53.515625,48.69607843137255,57.43835616438356,45.1505376344086,58.12903225806452,56.92857142857143,49.18181818181818,42.93333333333333,-2485.0,-277.0,-2208.0,-2656.7599999999998
9807,4.15,4.15,0.0,0.0,0.0,0.0,0.0,0.0,0.0,4.15,4.15,,,,,,,,4.15,4.15,,,,,,,,4.15,4.15,,,,,,,,1,1,0,0,0,0,0,0,0,60.31,60.31,,,,,,,,60.31,60.31,,,,,,,,60.31,60.31,,,,,,,,-250.28650000000002,0.0,0.0,-252.5
9808,2.39,2.39,0.0,0.0,0.0,0.0,0.0,0.0,0.0,2.39,2.39,,,,,,,,2.39,2.39,,,,,,,,2.39,2.39,,,,,,,,1,1,0,0,0,0,0,0,0,41.92,41.92,,,,,,,,41.92,41.92,,,,,,,,41.92,41.92,,,,,,,,-100.18880000000001,0.0,0.0,-101.0
9803,1026.0,513.0,513.0,70.0,956.0,35.0,35.0,478.0,478.0,32.0,26.0,32.0,19.0,32.0,19.0,16.0,26.0,32.0,1.0,1.0,1.0,1.0,1.0,3.0,1.0,1.0,1.0,6.2560975609756095,8.694915254237289,4.885714285714286,7.0,6.207792207792208,11.666666666666666,5.0,8.535714285714286,4.877551020408164,164,59,105,10,154,3,7,56,98,78.0,78.0,78.0,35.0,78.0,34.0,35.0,78.0,78.0,22.0,33.0,22.0,22.0,61.0,33.0,22.0,61.0,65.0,69.33536585365853,69.83050847457628,69.05714285714286,28.6,71.98051948051948,33.666666666666664,26.428571428571427,71.76785714285714,72.10204081632654,-689.0,-342.0,-347.0,-868.740000000002
9802,880.0,440.0,440.0,706.0,174.0,353.0,353.0,87.0,87.0,40.0,40.0,25.0,28.0,40.0,28.0,23.0,40.0,25.0,1.0,1.0,1.0,1.0,1.0,1.0,1.0,1.0,1.0,5.906040268456376,10.232558139534884,4.150943396226415,5.4728682170542635,8.7,9.289473684210526,3.879120879120879,17.4,5.8,149,43,106,129,20,38,91,5,15,81.0,80.0,81.0,81.0,80.0,80.0,81.0,80.0,78.0,19.0,22.0,19.0,19.0,58.0,22.0,19.0,74.0,58.0,65.61744966442953,67.97674418604652,64.66037735849056,64.27906976744185,74.25,66.6842105263158,63.27472527472528,77.8,73.06666666666666,-1977.0,-1661.0,-316.0,-2158.930000000002
9775,901.0,458.0,443.0,901.0,0.0,458.0,443.0,0.0,0.0,82.0,64.0,82.0,82.0,,64.0,82.0,,,1.0,1.0,1.0,1.0,,1.0,1.0,,,11.7012987012987,12.378378378378379,11.075,11.7012987012987,,12.378378378378379,11.075,,,77,37,40,77,0,37,40,0,0,99.0,99.0,98.0,99.0,,99.0,98.0,,,81.0,81.0,84.0,81.0,,81.0,84.0,,,88.8051948051948,88.89189189189189,88.725,88.8051948051948,,88.89189189189189,88.725,,,-1898.0,-1898.0,0.0,-621.2800000000007
9758,215.0,115.0,100.0,163.0,52.0,89.0,74.0,26.0,26.0,19.0,16.0,19.0,19.0,15.0,16.0,19.0,11.0,15.0,1.0,1.0,1.0,1.0,1.0,1.0,1.0,1.0,1.0,4.886363636363637,5.476190476190476,4.3478260869565215,4.9393939393939394,4.7272727272727275,5.933333333333334,4.111111111111111,4.333333333333333,5.2,44,21,23,33,11,15,18,6,5,99.0,99.0,87.0,99.0,42.0,99.0,87.0,41.0,42.0,37.0,37.0,38.0,59.0,37.0,59.0,60.0,37.0,38.0,66.11363636363636,66.38095238095238,65.8695652173913,75.12121212121212,39.09090909090909,77.6,73.05555555555556,38.333333333333336,40.0,-1667.0,-1690.0,23.0,-202.67000000000007
9737,988.0,491.0,497.0,430.0,558.0,212.0,218.0,279.0,279.0,41.0,31.0,41.0,28.0,41.0,24.0,28.0,31.0,41.0,1.0,1.0,1.0,1.0,1.0,1.0,1.0,1.0,1.0,5.458563535911602,7.4393939393939394,4.321739130434783,5.512820512820513,5.41747572815534,7.310344827586207,4.448979591836735,7.54054054054054,4.2272727272727275,181,66,115,78,103,29,49,37,66,97.0,97.0,96.0,97.0,69.0,97.0,96.0,69.0,67.0,31.0,40.0,31.0,33.0,31.0,40.0,33.0,57.0,31.0,62.75690607734806,64.37878787878788,61.82608695652174,65.64102564102564,60.57281553398058,65.86206896551724,65.51020408163265,63.21621621621622,59.09090909090909,-2603.0,-1258.0,-1345.0,-2500.539999999998
9748,2709.0,1348.0,1361.0,1370.0,1339.0,685.0,685.0,663.0,676.0,58.0,43.0,58.0,58.0,32.0,43.0,58.0,32.0,17.0,1.0,1.0,1.0,1.0,1.0,1.0,1.0,1.0,1.0,6.623471882640587,9.697841726618705,5.04074074074074,8.106508875739644,5.579166666666667,11.229508196721312,6.342592592592593,8.5,4.172839506172839,409,139,270,169,240,61,108,78,162,89.0,89.0,89.0,89.0,76.0,89.0,89.0,75.0,76.0,21.0,30.0,21.0,29.0,21.0,38.0,29.0,30.0,21.0,59.075794621026894,62.014388489208635,57.56296296296296,66.66863905325444,53.729166666666664,71.44262295081967,63.97222222222222,54.64102564102564,53.29012345679013,-7248.0,-6128.0,-1120.0,-8664.509999999998
9699,838.0,419.0,419.0,432.0,406.0,216.0,216.0,203.0,203.0,34.0,24.0,34.0,34.0,24.0,20.0,34.0,24.0,20.0,1.0,1.0,1.0,1.0,1.0,1.0,1.0,1.0,1.0,5.5131578947368425,6.546875,4.761363636363637,5.204819277108434,5.884057971014493,5.837837837837838,4.695652173913044,7.518518518518518,4.833333333333333,152,64,88,83,69,37,46,27,42,70.0,70.0,68.0,70.0,49.0,70.0,68.0,49.0,49.0,33.0,41.0,33.0,51.0,33.0,56.0,51.0,41.0,33.0,52.76973684210526,53.921875,51.93181818181818,59.373493975903614,44.82608695652174,60.2972972972973,58.630434782608695,45.18518518518518,44.595238095238095,-667.0,-286.0,-381.0,-798.3900000000006
9711,2086.0,1043.0,1043.0,2056.0,30.0,1028.0,1028.0,15.0,15.0,56.0,56.0,53.0,56.0,15.0,56.0,53.0,15.0,15.0,1.0,1.0,1.0,1.0,15.0,1.0,1.0,15.0,15.0,9.27111111111111,13.723684210526315,7.0,9.219730941704036,15.0,13.706666666666667,6.945945945945946,15.0,15.0,225,76,149,223,2,75,148,1,1,93.0,93.0,92.0,93.0,50.0,93.0,92.0,50.0,44.0,44.0,47.0,44.0,47.0,44.0,47.0,50.0,50.0,44.0,77.58222222222223,77.27631578947368,77.73825503355705,77.85650224215247,47.0,77.64,77.96621621621621,50.0,44.0,-2695.0,-2605.0,-90.0,-3435.2299999999996
9643,1107.0,603.0,504.0,668.0,439.0,342.0,326.0,261.0,178.0,84.0,84.0,33.0,33.0,84.0,16.0,33.0,84.0,28.0,1.0,1.0,1.0,1.0,1.0,1.0,1.0,1.0,1.0,5.507462686567164,8.375,3.9069767441860463,4.985074626865671,6.552238805970149,6.705882352941177,3.927710843373494,12.428571428571429,3.869565217391304,201,72,129,134,67,51,83,21,46,93.0,93.0,77.0,93.0,80.0,93.0,67.0,80.0,77.0,19.0,35.0,19.0,19.0,32.0,35.0,19.0,41.0,32.0,52.29353233830846,55.80555555555556,50.333333333333336,52.365671641791046,52.149253731343286,55.8235294117647,50.24096385542169,55.76190476190476,50.5,-7589.0,-3076.0,-4513.0,-6249.8499999999985
9671,1108.0,554.0,554.0,1106.0,2.0,553.0,553.0,1.0,1.0,52.0,44.0,52.0,52.0,1.0,44.0,52.0,1.0,1.0,1.0,1.0,1.0,1.0,1.0,1.0,1.0,1.0,1.0,7.148387096774194,10.072727272727272,5.54,7.228758169934641,1.0,10.24074074074074,5.585858585858586,1.0,1.0,155,55,100,153,2,54,99,1,1,91.0,90.0,91.0,91.0,31.0,90.0,91.0,29.0,31.0,29.0,29.0,31.0,63.0,29.0,69.0,63.0,29.0,31.0,76.23225806451613,77.50909090909092,75.53,76.83660130718954,30.0,78.4074074074074,75.97979797979798,29.0,31.0,-1110.0,-1112.0,2.0,-1291.5999999999976
0,0.0,0.0,0.0,0.0,0.0,0.0,0.0,0.0,0.0,,,,,,,,,,,,,,,,,,,,,,,,,,,,0,0,0,0,0,0,0,0,0,,,,,,,,,,,,,,,,,,,,,,,,,,,,0.0,0.0,0.0,110000.0
9630,1446.0,718.0,728.0,288.0,1158.0,144.0,144.0,574.0,584.0,50.0,50.0,50.0,50.0,49.0,50.0,50.0,49.0,48.0,1.0,1.0,1.0,1.0,1.0,1.0,1.0,1.0,1.0,6.91866028708134,10.257142857142858,5.237410071942446,9.290322580645162,6.50561797752809,14.4,6.857142857142857,9.566666666666666,4.9491525423728815,209,70,139,31,178,10,21,60,118,90.0,90.0,89.0,88.0,90.0,88.0,69.0,90.0,89.0,9.0,42.0,9.0,24.0,9.0,42.0,24.0,53.0,9.0,63.08612440191388,72.57142857142857,58.30935251798561,45.96774193548387,66.06741573033707,56.1,41.142857142857146,75.31666666666666,61.36440677966102,-7494.0,-3333.0,-4161.0,-7871.660000000002
9602,124.0,62.0,62.0,0.0,124.0,0.0,0.0,62.0,62.0,35.0,15.0,35.0,,35.0,,,15.0,35.0,1.0,1.0,1.0,,1.0,,,1.0,1.0,4.592592592592593,6.2,3.6470588235294117,,4.592592592592593,,,6.2,3.6470588235294117,27,10,17,0,27,0,0,10,17,45.0,45.0,43.0,,45.0,,,45.0,43.0,39.0,39.0,40.0,,39.0,,,39.0,40.0,41.0,41.2,40.88235294117647,,41.0,,,41.2,40.88235294117647,-144.0,0.0,-144.0,-155.60999999999967
9560,322.0,161.0,161.0,322.0,0.0,161.0,161.0,0.0,0.0,26.0,26.0,20.0,26.0,,26.0,20.0,,,1.0,1.0,1.0,1.0,,1.0,1.0,,,3.926829268292683,4.878787878787879,3.2857142857142856,3.926829268292683,,4.878787878787879,3.2857142857142856,,,82,33,49,82,0,33,49,0,0,70.0,70.0,67.0,70.0,,70.0,67.0,,,60.0,61.0,60.0,60.0,,61.0,60.0,,,63.65853658536585,64.42424242424242,63.142857142857146,63.65853658536585,,64.42424242424242,63.142857142857146,,,-244.0,-244.0,0.0,-292.2900000000002
9590,1094.0,547.0,547.0,80.0,1014.0,40.0,40.0,507.0,507.0,47.0,32.0,47.0,14.0,47.0,14.0,10.0,32.0,47.0,1.0,1.0,1.0,1.0,1.0,2.0,1.0,1.0,1.0,5.945652173913044,6.670731707317073,5.362745098039215,6.666666666666667,5.895348837209302,8.0,5.714285714285714,6.584415584415584,5.336842105263158,184,82,102,12,172,5,7,77,95,99.0,98.0,99.0,40.0,99.0,39.0,40.0,98.0,99.0,22.0,31.0,22.0,22.0,56.0,31.0,22.0,62.0,56.0,73.92934782608695,75.07317073170732,73.00980392156863,31.916666666666668,76.86046511627907,33.4,30.857142857142858,77.77922077922078,76.11578947368422,-1228.0,-162.0,-1066.0,-1422.8100000000006
7807,9.0,3.0,6.0,4.0,5.0,0.0,4.0,3.0,2.0,2.0,1.0,2.0,2.0,1.0,,2.0,1.0,1.0,1.0,1.0,1.0,2.0,1.0,,2.0,1.0,1.0,1.2857142857142858,1.0,1.5,2.0,1.0,,2.0,1.0,1.0,7,3,4,2,5,0,2,3,2,69.0,67.0,69.0,30.0,69.0,,30.0,67.0,69.0,1.0,1.0,30.0,30.0,1.0,,30.0,1.0,62.0,45.57142857142857,42.666666666666664,47.75,30.0,51.8,,30.0,42.666666666666664,65.5,123.0,120.0,3.0,123.4
9520,652.0,354.0,298.0,652.0,0.0,354.0,298.0,0.0,0.0,40.0,40.0,28.0,40.0,,40.0,28.0,,,1.0,1.0,1.0,1.0,,1.0,1.0,,,7.494252873563219,11.0625,5.418181818181818,7.494252873563219,,11.0625,5.418181818181818,,,87,32,55,87,0,32,55,0,0,99.0,99.0,99.0,99.0,,99.0,99.0,,,72.0,76.0,72.0,72.0,,76.0,72.0,,,85.14942528735632,85.71875,84.81818181818181,85.14942528735632,,85.71875,84.81818181818181,,,-5279.0,-5279.0,0.0,111.59999999999945
9521,332.0,166.0,166.0,332.0,0.0,166.0,166.0,0.0,0.0,40.0,40.0,37.0,40.0,,40.0,37.0,,,1.0,1.0,1.0,1.0,,1.0,1.0,,,7.904761904761905,10.375,6.384615384615385,7.904761904761905,,10.375,6.384615384615385,,,42,16,26,42,0,16,26,0,0,96.0,96.0,96.0,96.0,,96.0,96.0,,,77.0,81.0,77.0,77.0,,81.0,77.0,,,89.54761904761905,90.3125,89.07692307692308,89.54761904761905,,90.3125,89.07692307692308,,,-190.0,-190.0,0.0,-255.54999999999836
9473,448.0,224.0,224.0,376.0,72.0,188.0,188.0,36.0,36.0,45.0,36.0,45.0,45.0,36.0,34.0,45.0,36.0,10.0,1.0,1.0,1.0,1.0,1.0,1.0,1.0,36.0,1.0,8.296296296296296,11.789473684210526,6.4,8.0,10.285714285714286,10.444444444444445,6.482758620689655,36.0,6.0,54,19,35,47,7,18,29,1,6,99.0,97.0,99.0,99.0,25.0,97.0,99.0,23.0,25.0,23.0,23.0,25.0,75.0,23.0,75.0,77.0,23.0,25.0,82.01851851851852,87.3157894736842,79.14285714285714,90.55319148936171,24.714285714285715,90.88888888888889,90.34482758620689,23.0,25.0,15.0,-57.0,72.0,-49.030000000000655
9474,1230.0,615.0,615.0,1040.0,190.0,520.0,520.0,95.0,95.0,61.0,61.0,55.0,61.0,40.0,61.0,55.0,40.0,15.0,1.0,1.0,1.0,1.0,1.0,1.0,1.0,2.0,1.0,8.72340425531915,11.826923076923077,6.910112359550562,9.454545454545455,6.129032258064516,13.0,7.428571428571429,7.916666666666667,5.0,141,52,89,110,31,40,70,12,19,98.0,98.0,96.0,98.0,57.0,98.0,96.0,56.0,57.0,35.0,37.0,35.0,62.0,35.0,62.0,63.0,37.0,35.0,71.59574468085107,72.17307692307692,71.25842696629213,78.24545454545455,48.0,78.35,78.18571428571428,51.583333333333336,45.73684210526316,-1240.0,-1000.0,-240.0,-1667.8100000000004
9458,612.0,307.0,305.0,572.0,40.0,286.0,286.0,21.0,19.0,32.0,32.0,11.0,32.0,8.0,32.0,11.0,8.0,5.0,1.0,1.0,1.0,1.0,1.0,1.0,1.0,2.0,1.0,2.9282296650717705,3.411111111111111,2.563025210084034,2.948453608247423,2.6666666666666665,3.364705882352941,2.623853211009174,4.2,1.9,209,90,119,194,15,85,109,5,10,99.0,99.0,98.0,99.0,57.0,99.0,98.0,55.0,57.0,42.0,43.0,42.0,43.0,42.0,43.0,43.0,45.0,42.0,70.13875598086125,72.94444444444444,68.01680672268908,71.58247422680412,51.46666666666667,74.21176470588236,69.53211009174312,51.4,51.5,-510.0,-373.0,-137.0,-533.1999999999994
9457,672.0,336.0,336.0,384.0,288.0,192.0,192.0,144.0,144.0,38.0,38.0,28.0,38.0,38.0,38.0,28.0,38.0,15.0,1.0,1.0,1.0,1.0,1.0,2.0,1.0,1.0,1.0,6.280373831775701,9.882352941176471,4.602739726027397,5.907692307692308,6.857142857142857,9.142857142857142,4.363636363636363,11.076923076923077,4.9655172413793105,107,34,73,65,42,21,44,13,29,68.0,68.0,68.0,62.0,68.0,62.0,62.0,68.0,68.0,28.0,31.0,28.0,28.0,42.0,31.0,28.0,42.0,43.0,50.35514018691589,51.23529411764706,49.945205479452056,47.61538461538461,54.595238095238095,49.142857142857146,46.88636363636363,54.61538461538461,54.58620689655172,-295.0,-258.0,-37.0,-415.30000000000064
9441,266.0,178.0,88.0,176.0,90.0,103.0,73.0,75.0,15.0,30.0,30.0,27.0,30.0,30.0,30.0,27.0,30.0,6.0,1.0,1.0,1.0,1.0,1.0,4.0,1.0,1.0,1.0,7.1891891891891895,12.714285714285714,3.8260869565217392,6.285714285714286,10.0,11.444444444444445,3.8421052631578947,15.0,3.75,37,14,23,28,9,9,19,5,4,96.0,96.0,79.0,96.0,57.0,96.0,79.0,57.0,55.0,21.0,21.0,25.0,39.0,21.0,61.0,39.0,21.0,25.0,59.351351351351354,58.857142857142854,59.65217391304348,66.85714285714286,36.0,71.77777777777777,64.52631578947368,35.6,36.5,-4426.0,-3021.0,-1405.0,-1591.1399999999999
9442,538.0,269.0,269.0,276.0,262.0,138.0,138.0,131.0,131.0,22.0,22.0,22.0,22.0,14.0,22.0,22.0,14.0,10.0,1.0,1.0,1.0,1.0,1.0,1.0,1.0,1.0,1.0,4.075757575757576,6.404761904761905,2.988888888888889,5.0181818181818185,3.4025974025974026,8.625,3.5384615384615383,5.038461538461538,2.5686274509803924,132,42,90,55,77,16,39,26,51,88.0,87.0,88.0,88.0,76.0,87.0,88.0,76.0,72.0,22.0,29.0,22.0,34.0,22.0,46.0,34.0,29.0,22.0,55.984848484848484,58.095238095238095,55.0,62.61818181818182,51.246753246753244,63.8125,62.12820512820513,54.57692307692308,49.549019607843135,-498.0,-257.0,-241.0,-617.3299999999995
9396,122.0,60.0,62.0,0.0,122.0,0.0,0.0,60.0,62.0,13.0,13.0,10.0,,13.0,,,13.0,10.0,1.0,2.0,1.0,,1.0,,,2.0,1.0,3.935483870967742,6.0,2.9523809523809526,,3.935483870967742,,,6.0,2.9523809523809526,31,10,21,0,31,0,0,10,21,99.0,98.0,99.0,,99.0,,,98.0,99.0,5.0,60.0,5.0,,5.0,,,60.0,5.0,70.48387096774194,83.8,64.14285714285714,,70.48387096774194,,,83.8,64.14285714285714,-1396.0,0.0,-1396.0,-1454.8000000000002
9424,355.0,191.0,164.0,132.0,223.0,66.0,66.0,125.0,98.0,30.0,30.0,11.0,11.0,30.0,11.0,10.0,30.0,11.0,1.0,1.0,1.0,1.0,1.0,1.0,1.0,1.0,1.0,3.622448979591837,4.897435897435898,2.7796610169491527,3.5675675675675675,3.6557377049180326,5.076923076923077,2.75,4.8076923076923075,2.8,98,39,59,37,61,13,24,26,35,99.0,99.0,91.0,53.0,99.0,52.0,53.0,99.0,91.0,21.0,21.0,21.0,21.0,21.0,21.0,21.0,52.0,21.0,50.88775510204081,56.48717948717949,47.186440677966104,31.35135135135135,62.73770491803279,31.615384615384617,31.208333333333332,68.92307692307692,58.142857142857146,-3549.0,-27.0,-3522.0,-711.2500000000005
9379,3904.5,1955.25,1949.25,1467.0,2437.5,735.0,732.0,1220.25,1217.25,30.0,30.0,30.0,30.0,30.0,30.0,30.0,30.0,30.0,1.0,1.0,1.0,1.0,1.0,1.0,1.0,1.0,1.0,7.887878787878788,9.9251269035533,6.541107382550336,7.371859296482412,8.234797297297296,8.855421686746988,6.310344827586207,10.703947368421053,6.688186813186813,495,197,298,199,296,83,116,114,182,86.0,85.0,86.0,76.0,86.0,75.0,76.0,85.0,86.0,20.0,24.0,20.0,20.0,34.0,24.0,20.0,41.0,34.0,57.266666666666666,57.70558375634518,56.97651006711409,51.11055276381909,61.4054054054054,52.06024096385542,50.43103448275862,61.81578947368421,61.14835164835165,-6268.75,-2726.0,-3542.75,-6600.299999999999
9380,1362.0,696.0,666.0,310.0,1052.0,170.0,140.0,526.0,526.0,30.0,30.0,30.0,30.0,30.0,24.0,30.0,30.0,30.0,1.0,1.0,1.0,1.0,1.0,1.0,1.0,1.0,1.0,7.283422459893048,7.909090909090909,6.7272727272727275,7.045454545454546,7.356643356643357,8.947368421052632,5.6,7.6231884057971016,7.108108108108108,187,88,99,44,143,19,25,69,74,75.0,74.0,75.0,48.0,75.0,47.0,48.0,74.0,75.0,32.0,38.0,32.0,32.0,52.0,38.0,32.0,52.0,53.0,59.903743315508024,61.21590909090909,58.73737373737374,42.43181818181818,65.27972027972028,42.578947368421055,42.32,66.34782608695652,64.28378378378379,-2325.0,-1478.0,-847.0,-2516.640000000001
9344,332.0,204.0,128.0,217.0,83.0,137.0,80.0,45.0,38.0,30.0,30.0,30.0,30.0,18.0,30.0,30.0,15.0,18.0,1.0,1.0,1.0,1.0,1.0,1.0,1.0,1.0,1.0,6.148148148148148,6.8,5.333333333333333,8.346153846153847,3.1923076923076925,8.5625,8.0,3.4615384615384617,2.923076923076923,54,30,24,26,26,16,10,13,13,69.0,69.0,65.0,47.0,69.0,47.0,46.0,69.0,65.0,35.0,35.0,38.0,35.0,57.0,35.0,38.0,57.0,57.0,50.81481481481482,50.4,51.333333333333336,41.84615384615385,60.76923076923077,41.375,42.6,62.46153846153846,59.07692307692308,-3207.0,-2097.0,-654.0,-693.6200000000008
9343,954.0,516.0,438.0,853.0,40.0,425.0,428.0,31.0,9.0,30.0,30.0,30.0,30.0,30.0,30.0,30.0,30.0,7.0,1.0,1.0,1.0,1.0,1.0,1.0,1.0,1.0,1.0,6.037974683544304,7.701492537313433,4.813186813186813,5.6866666666666665,8.0,6.746031746031746,4.919540229885057,15.5,3.0,158,67,91,150,5,63,87,2,3,97.0,96.0,97.0,97.0,38.0,96.0,97.0,31.0,38.0,31.0,31.0,32.0,65.0,31.0,65.0,66.0,31.0,32.0,81.9493670886076,81.38805970149254,82.36263736263736,83.77333333333333,34.0,83.31746031746032,84.10344827586206,31.0,36.0,-5135.0,-320.0,-625.0,-1323.7699999999995
9305,1381.0,704.0,677.0,901.0,480.0,464.0,437.0,240.0,240.0,30.0,30.0,30.0,30.0,30.0,30.0,30.0,30.0,30.0,1.0,1.0,1.0,1.0,1.0,1.0,1.0,1.0,1.0,7.758426966292135,7.910112359550562,7.606741573033708,7.571428571428571,8.135593220338983,7.483870967741935,7.666666666666667,8.88888888888889,7.5,178,89,89,119,59,62,57,27,32,82.0,82.0,79.0,82.0,64.0,82.0,79.0,63.0,64.0,39.0,39.0,44.0,43.0,39.0,43.0,44.0,39.0,45.0,63.79213483146067,64.74157303370787,62.842696629213485,68.21848739495799,54.86440677966102,69.12903225806451,67.2280701754386,54.666666666666664,55.03125,-3519.0,-3349.0,-170.0,-1110.3500000000017
9306,565.0,300.0,265.0,380.0,185.0,205.0,175.0,95.0,90.0,30.0,30.0,30.0,30.0,25.0,30.0,30.0,11.0,25.0,1.0,1.0,1.0,1.0,1.0,1.0,1.0,1.0,1.0,6.075268817204301,7.6923076923076925,4.907407407407407,8.444444444444445,3.8541666666666665,11.38888888888889,6.481481481481482,4.523809523809524,3.3333333333333335,93,39,54,45,48,18,27,21,27,77.0,77.0,76.0,65.0,77.0,65.0,63.0,77.0,76.0,39.0,39.0,42.0,39.0,51.0,39.0,42.0,51.0,51.0,58.064516129032256,58.30769230769231,57.888888888888886,51.644444444444446,64.08333333333333,50.833333333333336,52.18518518518518,64.71428571428571,63.592592592592595,-2709.0,-1895.0,-814.0,234.10000000000173
9268,286.0,143.0,143.0,0.0,286.0,0.0,0.0,143.0,143.0,30.0,30.0,28.0,,30.0,,,30.0,28.0,1.0,1.0,1.0,,1.0,,,1.0,1.0,7.15,7.944444444444445,6.5,,7.15,,,7.944444444444445,6.5,40,18,22,0,40,0,0,18,22,97.0,96.0,97.0,,97.0,,,96.0,97.0,68.0,68.0,69.0,,68.0,,,68.0,69.0,88.1,91.05555555555556,85.68181818181819,,88.1,,,91.05555555555556,85.68181818181819,-761.0,0.0,-761.0,-825.9800000000002
9269,358.0,179.0,179.0,358.0,0.0,179.0,179.0,0.0,0.0,30.0,26.0,30.0,30.0,,26.0,30.0,,,1.0,1.0,1.0,1.0,,1.0,1.0,,,7.458333333333333,7.782608695652174,7.16,7.458333333333333,,7.782608695652174,7.16,,,48,23,25,48,0,23,25,0,0,79.0,79.0,79.0,79.0,,79.0,79.0,,,62.0,64.0,62.0,62.0,,64.0,62.0,,,69.45833333333333,70.43478260869566,68.56,69.45833333333333,,70.43478260869566,68.56,,,-697.0,-697.0,0.0,-770.0099999999993
9210,2362.0,2136.0,226.0,0.0,0.0,0.0,0.0,0.0,0.0,30.0,30.0,29.0,,,,,,,1.0,1.0,1.0,,,,,,,11.466019417475728,17.088,2.7901234567901234,,,,,,,206,125,81,0,0,0,0,0,0,78.0,78.0,69.0,,,,,,,27.0,27.0,29.0,,,,,,,49.99514563106796,49.248,51.148148148148145,,,,,,,-90196.0,0.0,0.0,-1461.7500000000005
9209,4202.0,3305.0,897.0,0.0,0.0,0.0,0.0,0.0,0.0,30.0,30.0,30.0,,,,,,,1.0,1.0,1.0,,,,,,,12.25072886297376,16.2807881773399,6.4071428571428575,,,,,,,343,203,140,0,0,0,0,0,0,96.0,96.0,96.0,,,,,,,6.0,34.0,6.0,,,,,,,65.3527696793003,65.6256157635468,64.95714285714286,,,,,,,-157653.0,0.0,0.0,-2440.72
9159,385.0,281.0,104.0,0.0,0.0,0.0,0.0,0.0,0.0,30.0,30.0,30.0,,,,,,,1.0,1.0,1.0,,,,,,,9.871794871794872,14.05,5.473684210526316,,,,,,,39,20,19,0,0,0,0,0,0,99.0,99.0,92.0,,,,,,,83.0,83.0,85.0,,,,,,,87.84615384615384,87.8,87.89473684210526,,,,,,,-15471.0,0.0,0.0,51.05999999999949
9140,1133.0,1000.0,133.0,0.0,0.0,0.0,0.0,0.0,0.0,30.0,30.0,25.0,,,,,,,1.0,1.0,1.0,,,,,,,14.907894736842104,19.23076923076923,5.541666666666667,,,,,,,76,52,24,0,0,0,0,0,0,98.0,98.0,97.0,,,,,,,39.0,39.0,63.0,,,,,,,68.30263157894737,68.09615384615384,68.75,,,,,,,-58590.0,0.0,0.0,-2139.3100000000004
9117,2850.0,2488.0,362.0,0.0,0.0,0.0,0.0,0.0,0.0,100.0,100.0,30.0,,,,,,,1.0,1.0,1.0,,,,,,,11.089494163424124,15.55,3.731958762886598,,,,,,,257,160,97,0,0,0,0,0,0,94.0,92.0,94.0,,,,,,,31.0,31.0,33.0,,,,,,,68.1284046692607,68.08125,68.20618556701031,,,,,,,-142212.0,0.0,0.0,-1235.5700000000027
9076,8866.0,7836.0,1030.0,0.0,0.0,0.0,0.0,0.0,0.0,100.0,100.0,70.0,,,,,,,1.0,1.0,1.0,,,,,,,25.33142857142857,40.184615384615384,6.645161290322581,,,,,,,350,195,155,0,0,0,0,0,0,94.0,93.0,94.0,,,,,,,17.0,17.0,18.0,,,,,,,65.59714285714286,67.7025641025641,62.94838709677419,,,,,,,-418466.0,0.0,0.0,-6612.390000000004
9116,6068.0,4573.0,1495.0,0.0,0.0,0.0,0.0,0.0,0.0,100.0,100.0,31.0,,,,,,,1.0,1.0,1.0,,,,,,,11.874755381604697,18.741803278688526,5.599250936329588,,,,,,,511,244,267,0,0,0,0,0,0,97.0,97.0,97.0,,,,,,,32.0,32.0,37.0,,,,,,,69.9706457925636,70.82786885245902,69.187265917603,,,,,,,-208483.0,0.0,0.0,-5341.259999999996
9077,2746.0,2152.0,594.0,0.0,0.0,0.0,0.0,0.0,0.0,100.0,100.0,54.0,,,,,,,1.0,1.0,1.0,,,,,,,19.755395683453237,38.42857142857143,7.156626506024097,,,,,,,139,56,83,0,0,0,0,0,0,99.0,99.0,99.0,,,,,,,72.0,72.0,73.0,,,,,,,85.48920863309353,83.94642857142857,86.53012048192771,,,,,,,-130063.0,0.0,0.0,-411.39000000000215
9049,12501.0,11587.0,914.0,0.0,0.0,0.0,0.0,0.0,0.0,100.0,100.0,54.0,,,,,,,1.0,1.0,1.0,,,,,,,31.01985111662531,52.90867579908676,4.967391304347826,,,,,,,403,219,184,0,0,0,0,0,0,90.0,90.0,89.0,,,,,,,25.0,25.0,29.0,,,,,,,56.898263027295286,58.48401826484018,55.01086956521739,,,,,,,-609536.0,0.0,0.0,-11260.470000000003
9048,8201.0,6952.0,1249.0,0.0,0.0,0.0,0.0,0.0,0.0,100.0,100.0,99.0,,,,,,,1.0,1.0,1.0,,,,,,,33.888429752066116,53.89147286821706,11.053097345132743,,,,,,,242,129,113,0,0,0,0,0,0,99.0,97.0,99.0,,,,,,,5.0,37.0,5.0,,,,,,,67.00413223140495,67.27131782945736,66.69911504424779,,,,,,,-346330.0,0.0,0.0,-5945.130000000001
8997,349.0,234.0,115.0,0.0,0.0,0.0,0.0,0.0,0.0,30.0,30.0,29.0,,,,,,,1.0,1.0,1.0,,,,,,,11.258064516129032,16.714285714285715,6.764705882352941,,,,,,,31,14,17,0,0,0,0,0,0,99.0,96.0,99.0,,,,,,,80.0,80.0,80.0,,,,,,,83.70967741935483,82.64285714285714,84.58823529411765,,,,,,,-9614.0,0.0,0.0,237.7800000000002
9008,9308.0,6886.0,2422.0,0.0,0.0,0.0,0.0,0.0,0.0,100.0,100.0,99.0,,,,,,,1.0,1.0,1.0,,,,,,,12.874135546334717,22.50326797385621,5.808153477218226,,,,,,,723,306,417,0,0,0,0,0,0,95.0,95.0,95.0,,,,,,,23.0,29.0,23.0,,,,,,,64.88934993084371,66.55882352941177,63.66426858513189,,,,,,,-315036.0,0.0,0.0,-15854.750000000004
8973,879.0,637.0,242.0,0.0,0.0,0.0,0.0,0.0,0.0,30.0,30.0,30.0,,,,,,,1.0,1.0,1.0,,,,,,,13.523076923076923,19.303030303030305,7.5625,,,,,,,65,33,32,0,0,0,0,0,0,97.0,97.0,97.0,,,,,,,7.0,26.0,7.0,,,,,,,80.86153846153846,82.06060606060606,79.625,,,,,,,-32447.0,0.0,0.0,-287.7000000000012
8956,478.0,389.0,89.0,0.0,0.0,0.0,0.0,0.0,0.0,30.0,30.0,30.0,,,,,,,1.0,1.0,1.0,,,,,,,13.657142857142857,17.681818181818183,6.846153846153846,,,,,,,35,22,13,0,0,0,0,0,0,80.0,80.0,79.0,,,,,,,69.0,69.0,70.0,,,,,,,72.94285714285714,72.22727272727273,74.15384615384616,,,,,,,-21349.0,0.0,0.0,25.130000000000564
8912,0.0,0.0,0.0,0.0,0.0,0.0,0.0,0.0,0.0,,,,,,,,,,,,,,,,,,,,,,,,,,,,0,0,0,0,0,0,0,0,0,,,,,,,,,,,,,,,,,,,,,,,,,,,,0.0,0.0,0.0,3000.0
