,timestamp_12180,yesfp_12180,timestamp_12179,yesfp_12179,timestamp_12178,yesfp_12178,timestamp_12177,yesfp_12177,timestamp_12149,yesfp_12149,timestamp_12148,yesfp_12148,timestamp_12147,yesfp_12147,timestamp_12146,yesfp_12146
0,2022-11-17 15:18:32.047,5.987376925091308,2022-11-17 15:23:39.420,29.856291633427286,2022-11-17 15:18:12.316,61.1756190252901,2022-11-17 15:17:56.318,88.76974007538949,2022-11-16 15:44:10.774,10.611899494326961,2022-11-16 15:43:58.244,36.23328526015304,2022-11-16 15:43:41.351,61.85467102597912,2022-11-16 15:41:34.097,87.85846553457873
1,2022-11-17 15:19:30.850,5.711435714590314,2022-11-17 15:26:05.177,30.684115264930266,2022-11-17 15:19:08.568,61.0376484200396,2022-11-17 15:18:51.321,88.76974007538949,2022-11-16 15:45:20.648,10.356960332477945,2022-11-16 15:45:05.608,35.97834609830402,2022-11-16 15:44:48.328,61.599731864130106,2022-11-16 15:41:54.732,87.85846553457873
2,2022-11-17 15:21:33.162,3.365935425331865,2022-11-17 15:28:27.257,32.75367434368772,2022-11-17 15:21:10.242,59.106059946532646,2022-11-17 15:20:50.562,87.39003402288452,2022-11-16 15:47:29.145,9.337203685081883,2022-11-16 15:47:15.969,34.958589450907965,2022-11-16 15:46:56.101,60.707444797658546,2022-11-16 15:43:20.871,87.6035263727297
3,2022-11-17 15:24:05.628,2.4001411885783863,2022-11-17 15:30:41.375,32.615703738437226,2022-11-17 15:23:20.164,57.45041268352668,2022-11-17 15:22:57.361,85.04453373362608,2022-11-16 15:49:31.351,8.572386199534836,2022-11-16 15:49:18.972,34.19377196536092,2022-11-16 15:49:01.819,59.81515773118699,2022-11-16 15:44:28.749,87.09364804903167
4,2022-11-17 15:26:26.667,3.365935425331865,2022-11-17 15:33:05.851,32.33976252793623,2022-11-17 15:25:43.068,58.00229510452867,2022-11-17 15:25:23.047,85.45844554937757,2022-11-16 15:51:34.166,7.807568713987789,2022-11-16 15:51:22.511,33.30148489888936,2022-11-16 15:51:04.792,58.795401083790935,2022-11-16 15:46:38.524,86.20136098256012
5,2022-11-17 15:28:46.454,5.159553293588326,2022-11-17 15:35:20.536,31.51193889643325,2022-11-17 15:28:05.204,60.20982478853662,2022-11-17 15:27:44.123,87.66597523338552,2022-11-16 15:53:41.125,7.297690390289757,2022-11-16 15:53:27.109,32.791606575191324,2022-11-16 15:53:09.816,58.54046192194192,2022-11-16 15:48:44.278,85.30907391608856
6,2022-11-17 15:30:57.595,5.021582688337829,2022-11-17 15:37:37.259,31.09802708068176,2022-11-17 15:30:25.094,60.347795393787116,2022-11-17 15:36:56.786,86.14829857563005,2022-11-16 15:55:43.797,6.022994581044678,2022-11-16 15:55:28.180,31.51691076594625,2022-11-16 15:55:14.763,57.26576611269684,2022-11-16 15:50:47.336,84.2893172686925
7,2022-11-17 15:49:27.831,6.263318135592302,2022-11-17 15:45:59.664,32.06382131743524,2022-11-17 15:32:39.411,59.933883578035626,2022-11-17 15:39:05.165,86.56221039138154,2022-11-16 15:57:53.668,5.513116257346647,2022-11-16 15:57:35.851,31.007032442248217,2022-11-16 15:57:21.593,56.50094862714979,2022-11-16 15:52:51.615,84.03437810684349
8,2022-11-17 15:50:32.813,6.401288740842799,2022-11-17 15:49:11.074,33.857439185691696,2022-11-17 15:34:59.215,59.24403055178314,2022-11-17 15:41:10.744,86.83815160188254,2022-11-16 15:59:53.338,5.513116257346647,2022-11-16 15:59:42.573,30.7520932803992,2022-11-16 15:59:32.024,56.24600946530077,2022-11-16 15:54:56.913,83.01462145944743
9,2022-11-17 16:01:38.671,6.81520055659429,2022-11-17 15:50:18.100,34.13338039619269,2022-11-17 15:37:16.770,58.554177525530655,2022-11-17 15:43:15.556,86.01032797037956,2022-11-16 16:00:57.999,6.150464161969186,2022-11-16 16:00:43.518,31.644380346870758,2022-11-16 16:00:28.494,57.01082695084782,2022-11-16 15:57:03.480,82.12233439297587
10,2022-11-17 16:03:48.858,5.987376925091308,2022-11-17 16:01:25.935,34.40932160669369,2022-11-17 15:39:25.375,58.96808934128215,2022-11-17 15:45:19.052,86.56221039138154,2022-11-16 16:03:00.293,5.895525000120171,2022-11-16 16:02:47.683,31.38944118502174,2022-11-16 16:02:32.638,57.01082695084782,2022-11-16 15:59:15.833,81.73992565020235
11,2022-11-17 16:05:55.645,5.297523898838823,2022-11-17 16:03:35.485,33.58149797519071,2022-11-17 15:41:34.433,59.106059946532646,2022-11-17 15:47:30.272,88.4937988648885,2022-11-16 16:05:11.734,6.022994581044678,2022-11-16 16:05:00.008,31.51691076594625,2022-11-16 16:04:42.407,57.01082695084782,2022-11-16 16:00:11.130,82.24980397390038
12,2022-11-17 16:07:58.985,4.883612083087332,2022-11-17 16:05:42.502,33.029615554188716,2022-11-17 15:43:34.809,58.41620692028016,2022-11-17 15:48:30.294,88.90771068064,2022-11-16 16:07:15.880,4.493359609950584,2022-11-16 16:07:04.435,30.114745375776664,2022-11-16 16:06:47.647,55.99107030345176,2022-11-16 16:02:16.698,82.6322127166739
13,2022-11-17 16:10:08.982,5.159553293588326,2022-11-17 16:07:45.384,32.47773313318673,2022-11-17 15:45:42.890,59.24403055178314,2022-11-17 15:49:43.807,89.18365189114098,2022-11-16 16:09:22.423,3.0911942197809976,2022-11-16 16:09:09.476,28.96751914745609,2022-11-16 16:08:51.009,54.71637449420668,2022-11-16 16:04:21.828,82.37727355482488
14,2022-11-17 16:12:21.727,5.849406319840811,2022-11-17 16:09:53.009,32.75367434368772,2022-11-17 15:48:50.970,61.3135896305406,2022-11-17 16:00:48.533,88.90771068064,2022-11-16 16:11:36.931,2.708785477007474,2022-11-16 16:11:23.390,28.075232080984538,2022-11-16 16:11:02.827,53.69661784681062,2022-11-16 16:06:30.483,81.99486481205136
15,2022-11-17 16:14:30.593,6.677229951343793,2022-11-17 16:12:03.718,33.16758615943921,2022-11-17 15:50:00.999,61.589530841041594,2022-11-17 16:02:58.385,89.0456812858905,2022-11-16 16:13:55.176,6.277933742893694,2022-11-16 16:13:44.036,31.51691076594625,2022-11-16 16:13:20.393,56.24600946530077,2022-11-16 16:08:33.254,80.21029067910825
16,2022-11-17 16:16:43.964,7.780994793347769,2022-11-17 16:14:11.669,33.9954097909422,2022-11-17 16:01:07.096,62.14141326204358,2022-11-17 16:05:06.054,88.21785765438752,2022-11-16 16:16:01.440,7.935038294912296,2022-11-16 16:15:45.555,33.30148489888936,2022-11-16 16:15:28.307,58.66793150286642,2022-11-16 16:10:44.912,79.3180036126367
17,2022-11-17 16:18:59.241,8.19490660909926,2022-11-17 16:16:25.228,35.37511584344716,2022-11-17 16:03:15.668,61.3135896305406,2022-11-17 16:07:09.250,87.66597523338552,2022-11-16 16:18:09.858,8.954794942308359,2022-11-16 16:17:52.229,34.57618070813444,2022-11-16 16:17:34.813,59.942627312111505,2022-11-16 16:12:58.091,81.48498648835333
18,2022-11-17 16:21:16.023,7.780994793347769,2022-11-17 16:18:41.581,35.65105705394816,2022-11-17 16:05:23.481,60.62373660428811,2022-11-17 16:09:17.012,87.66597523338552,2022-11-16 16:20:18.845,7.297690390289757,2022-11-16 16:20:01.514,32.919076156115835,2022-11-16 16:19:43.929,58.66793150286642,2022-11-16 16:15:13.348,84.03437810684349
19,2022-11-17 16:23:26.093,7.091141767095284,2022-11-17 16:20:58.859,35.51308644869766,2022-11-17 16:07:26.411,60.07185418328613,2022-11-17 16:11:27.337,88.07988704913701,2022-11-16 16:22:28.893,5.895525000120171,2022-11-16 16:22:10.668,31.644380346870758,2022-11-16 16:21:52.260,57.39323569362134,2022-11-16 16:17:18.909,84.92666517331504
20,2022-11-17 16:25:44.585,6.401288740842799,2022-11-17 16:23:12.674,34.68526281719468,2022-11-17 16:09:34.863,60.20982478853662,2022-11-17 16:13:36.042,89.0456812858905,2022-11-16 16:24:38.502,5.385646676422139,2022-11-16 16:24:19.450,30.87956286132371,2022-11-16 16:24:01.550,56.373479046225285,2022-11-16 16:19:29.184,84.41678684961701
21,2022-11-17 16:27:54.272,6.539259346093296,2022-11-17 16:25:24.819,34.13338039619269,2022-11-17 16:11:45.844,60.62373660428811,2022-11-17 16:15:46.881,90.28741673314497,2022-11-16 16:26:46.418,5.130707514573123,2022-11-16 16:26:28.857,30.624623699474697,2022-11-16 16:26:10.668,56.11853988437627,2022-11-16 16:21:37.451,83.26956062129643
22,2022-11-17 16:30:07.628,6.401288740842799,2022-11-17 16:27:41.559,34.13338039619269,2022-11-17 16:13:53.463,61.589530841041594,2022-11-17 16:18:04.295,90.83929915414696,2022-11-16 16:28:46.731,5.6405858382711545,2022-11-16 16:28:32.783,31.134502023172725,2022-11-16 16:28:15.167,56.50094862714979,2022-11-16 16:23:46.328,81.99486481205136
23,2022-11-17 16:32:21.015,6.263318135592302,2022-11-17 16:29:49.184,33.9954097909422,2022-11-17 16:16:04.182,62.831266288296064,2022-11-17 16:20:18.604,90.97726975939744,2022-11-16 16:30:53.736,6.277933742893694,2022-11-16 16:30:36.884,31.51691076594625,2022-11-16 16:30:18.965,57.01082695084782,2022-11-16 16:25:55.711,81.61245606927784
24,2022-11-17 16:34:37.525,6.539259346093296,2022-11-17 16:32:03.236,33.857439185691696,2022-11-17 16:18:21.173,63.245178104047554,2022-11-17 16:22:34.084,90.14944612789446,2022-11-16 16:32:52.243,7.425159971214264,2022-11-16 16:32:40.387,32.791606575191324,2022-11-16 16:32:22.838,58.15805317916839,2022-11-16 16:28:03.656,81.99486481205136
25,2022-11-17 16:36:47.235,7.505053582846775,2022-11-17 16:34:19.562,33.9954097909422,2022-11-17 16:20:37.751,63.245178104047554,2022-11-17 16:24:46.622,89.59756370689247,2022-11-16 16:34:53.327,8.31744703768582,2022-11-16 16:34:38.913,33.683893641662884,2022-11-16 16:34:21.157,59.050340245639944,2022-11-16 16:30:06.524,82.37727355482488
26,2022-11-17 16:39:01.453,11.230259924610193,2022-11-17 16:36:29.264,34.96120402769567,2022-11-17 16:22:52.212,62.417354472544574,2022-11-17 16:27:03.771,89.18365189114098,2022-11-16 16:36:52.802,8.062507875836804,2022-11-16 16:36:35.953,33.55642406073837,2022-11-16 16:36:20.180,59.43274898841347,2022-11-16 16:32:11.376,83.52449978314546
27,2022-11-17 16:41:20.976,12.058083556113175,2022-11-17 16:38:41.941,38.4104691589581,2022-11-17 16:25:06.508,61.86547205154258,2022-11-17 16:29:14.680,89.32162249639148,2022-11-16 16:38:55.488,7.297690390289757,2022-11-16 16:38:37.524,32.919076156115835,2022-11-16 16:38:22.975,58.41299234101741,2022-11-16 16:34:09.975,84.2893172686925
28,2022-11-17 16:43:26.041,12.74793658236566,2022-11-17 16:41:01.156,39.65220460621257,2022-11-17 16:27:23.609,61.72750144629209,2022-11-17 16:31:28.694,89.0456812858905,2022-11-16 16:41:00.178,5.6405858382711545,2022-11-16 16:40:42.900,31.134502023172725,2022-11-16 16:40:24.983,56.88335736992332,2022-11-16 16:36:08.718,85.05413475423956
29,2022-11-17 16:45:35.710,12.609965977115163,2022-11-17 16:43:12.011,40.48002823771555,2022-11-17 16:29:31.860,61.589530841041594,2022-11-17 16:33:42.220,89.18365189114098,2022-11-16 16:43:01.446,6.022994581044678,2022-11-16 16:42:43.467,31.38944118502174,2022-11-16 16:42:25.677,56.88335736992332,2022-11-16 16:38:11.488,84.03437810684349
30,2022-11-17 16:47:48.517,12.609965977115163,2022-11-17 16:45:21.359,40.20408702721456,2022-11-17 16:31:45.924,61.45156023579109,2022-11-17 16:35:54.449,89.87350491739348,2022-11-16 16:45:06.031,7.297690390289757,2022-11-16 16:44:48.636,32.536667413342315,2022-11-16 16:44:28.201,57.903114017319375,2022-11-16 16:40:13.557,82.6322127166739
31,2022-11-17 16:49:59.641,13.851701424369637,2022-11-17 16:47:29.636,40.34205763246506,2022-11-17 16:33:59.551,61.589530841041594,2022-11-17 16:38:04.705,92.49494641715292,2022-11-16 16:47:13.835,8.827325361383851,2022-11-16 16:46:53.378,34.19377196536092,2022-11-16 16:46:35.654,59.68768815026249,2022-11-16 16:42:14.869,82.37727355482488
32,2022-11-17 16:52:05.057,13.851701424369637,2022-11-17 16:49:45.795,41.30785186921854,2022-11-17 16:36:12.151,62.417354472544574,2022-11-17 16:40:21.696,94.56450549591037,2022-11-16 16:49:17.249,10.10202117062893,2022-11-16 16:49:00.078,35.21352861275698,2022-11-16 16:48:42.749,60.57997521673404,2022-11-16 16:44:16.746,83.01462145944743
33,2022-11-17 16:54:20.153,12.609965977115163,2022-11-17 16:51:50.679,41.44582247446903,2022-11-17 16:38:24.612,65.590678393306,2022-11-17 16:42:37.108,95.53029973266385,2022-11-16 16:51:20.720,10.994308237100485,2022-11-16 16:51:03.971,36.36075484107755,2022-11-16 16:50:46.669,61.85467102597912,2022-11-16 16:46:23.966,85.05413475423956
34,2022-11-17 16:56:31.704,11.782142345612181,2022-11-17 16:54:02.626,40.48002823771555,2022-11-17 16:40:42.429,67.10835505106147,2022-11-17 16:44:46.094,95.39232912741335,2022-11-16 16:53:24.844,11.376716979874008,2022-11-16 16:53:05.988,36.87063316477558,2022-11-16 16:52:47.935,62.364549349677155,2022-11-16 16:48:31.418,85.69148265886209
35,2022-11-17 16:58:41.891,11.368230529860691,2022-11-17 16:56:15.104,39.51423400096208,2022-11-17 16:42:54.402,68.07414928781495,2022-11-17 16:46:54.073,95.53029973266385,2022-11-16 16:55:29.754,10.866838656175977,2022-11-16 16:55:13.644,36.36075484107755,2022-11-16 16:54:56.300,61.85467102597912,2022-11-16 16:50:35.406,87.22111762995618
36,2022-11-17 17:00:53.521,7.924216834045352,2022-11-17 16:58:24.876,38.962351579960085,2022-11-17 16:45:03.637,67.79820807731396,2022-11-17 16:49:10.710,96.22015275891633,2022-11-16 16:57:28.710,10.866838656175977,2022-11-16 16:57:13.857,36.36075484107755,2022-11-16 16:56:57.847,61.85467102597912,2022-11-16 16:52:35.531,87.73099595365422
37,2022-11-17 17:02:58.265,7.924216834045352,2022-11-17 17:00:36.779,37.76519780280757,2022-11-17 16:47:11.618,67.93617868256445,2022-11-17 16:51:16.132,96.63406457466782,2022-11-16 16:59:30.081,11.376716979874008,2022-11-16 16:59:14.379,36.74316358385107,2022-11-16 16:58:56.751,62.23707976875264,2022-11-16 16:54:44.163,87.4760567918052
38,2022-11-17 17:05:06.106,8.819446263108219,2022-11-17 17:02:43.455,37.76519780280757,2022-11-17 16:49:28.311,68.90197291931793,2022-11-17 16:53:23.445,96.49609396941733,2022-11-16 17:01:21.860,10.866838656175977,2022-11-16 17:01:10.292,36.36075484107755,2022-11-16 17:00:53.139,61.98214060690363,2022-11-16 16:56:47.554,87.3485872108807
39,2022-11-17 17:07:15.746,9.565470787327275,2022-11-17 17:04:47.902,38.51122232702663,2022-11-17 16:51:32.743,69.03994352456843,2022-11-17 16:55:37.147,94.84044670641137,2022-11-16 17:03:21.852,10.356960332477945,2022-11-16 17:03:04.837,35.85087651737952,2022-11-16 17:02:45.048,61.472262283205595,2022-11-16 16:58:44.778,87.6035263727297
40,2022-11-17 17:09:27.056,9.565470787327275,2022-11-17 17:06:58.507,39.25724685124568,2022-11-17 16:53:42.037,68.35009049831595,2022-11-17 16:57:47.963,94.28856428540938,2022-11-16 17:05:16.584,9.847082008779914,2022-11-16 17:05:01.976,35.46846777460599,2022-11-16 17:04:46.666,60.96238395950756,2022-11-16 17:00:41.952,87.4760567918052
41,2022-11-17 17:11:38.086,9.416265882483463,2022-11-17 17:09:09.952,39.406451756089496,2022-11-17 16:55:53.827,67.10835505106147,2022-11-17 16:59:58.416,93.87465246965789,2022-11-16 17:07:07.711,9.46467326600639,2022-11-16 17:06:55.590,35.08605903183247,2022-11-16 17:06:40.228,60.57997521673404,2022-11-16 17:02:33.925,86.96617846810717
42,2022-11-17 17:13:45.173,9.11785607279584,2022-11-17 17:11:23.264,39.25724685124568,2022-11-17 16:58:05.034,66.55647263005949,2022-11-17 17:02:09.740,97.44715974033201,2022-11-16 17:09:11.899,8.827325361383851,2022-11-16 17:08:52.758,34.44871112720993,2022-11-16 17:08:38.119,59.942627312111505,2022-11-16 17:04:34.846,86.45630014440914
43,2022-11-17 17:15:51.806,9.267060977639652,2022-11-17 17:13:30.797,38.95883704155806,2022-11-17 17:00:17.921,67.60617877156979,2022-11-17 17:04:14.497,97.74556955001964,2022-11-16 17:11:09.075,8.31744703768582,2022-11-16 17:10:54.352,33.9388328035119,2022-11-16 17:10:42.673,59.43274898841347,2022-11-16 17:06:28.289,86.0738914016356
44,2022-11-17 17:18:01.319,9.714675692171085,2022-11-17 17:15:37.904,39.108041946401876,2022-11-17 17:02:23.789,67.60617877156979,2022-11-17 17:06:24.143,98.79000388392632,2022-11-16 17:13:01.783,8.31744703768582,2022-11-16 17:12:46.909,33.81136322258739,2022-11-16 17:12:35.327,59.30527940748896,2022-11-16 17:08:26.550,85.56401307793759
45,2022-11-17 17:20:07.647,10.16229040670252,2022-11-17 17:17:46.056,39.406451756089496,2022-11-17 17:04:30.997,68.05379348610123,2022-11-17 17:08:33.759,99.0,2022-11-16 17:14:58.982,8.189977456761312,2022-11-16 17:14:44.249,33.683893641662884,2022-11-16 17:14:32.495,59.177809826564456,2022-11-16 17:10:31.059,84.92666517331504
46,2022-11-17 17:22:22.429,11.65433945514063,2022-11-17 17:19:53.727,39.85406647062093,2022-11-17 17:06:41.323,69.0982278200079,2022-11-17 17:10:43.330,98.93920878877013,2022-11-16 17:16:51.731,8.31744703768582,2022-11-16 17:16:37.350,33.9388328035119,2022-11-16 17:16:25.517,59.43274898841347,2022-11-16 17:12:24.166,84.79919559239053
47,2022-11-17 17:24:34.147,12.101954169672062,2022-11-17 17:22:05.034,41.34611551905904,2022-11-17 17:08:50.335,69.24743272485172,2022-11-17 17:12:54.031,98.6407989790825,2022-11-16 17:18:44.514,7.297690390289757,2022-11-16 17:18:33.276,32.791606575191324,2022-11-16 17:18:20.997,58.41299234101741,2022-11-16 17:14:20.476,84.67172601146602
48,2022-11-17 17:26:38.540,11.65433945514063,2022-11-17 17:24:16.399,41.79373023359047,2022-11-17 17:11:04.360,69.0982278200079,2022-11-17 17:15:01.376,98.79000388392632,2022-11-16 17:20:44.871,3.7740651773990255,2022-11-16 17:20:32.930,31.51691076594625,2022-11-16 17:20:13.750,57.01082695084782,2022-11-16 17:16:14.409,84.92666517331504
49,2022-11-17 17:28:46.820,11.206724740609197,2022-11-17 17:26:17.480,41.64452532874666,2022-11-17 17:13:12.060,68.79981801032028,2022-11-17 17:17:09.120,98.93920878877013,2022-11-16 17:22:43.675,2.3771275866061443,2022-11-16 17:22:31.777,27.90298720018516,2022-11-16 17:22:15.225,53.42884681376417,2022-11-16 17:18:09.876,84.2893172686925
50,2022-11-17 17:30:55.912,6.354139337923713,2022-11-17 17:28:23.668,41.047705709371414,2022-11-17 17:15:20.776,68.9490229151641,2022-11-17 17:19:17.012,99.0,2022-11-16 17:24:39.871,1.8691502808632783,2022-11-16 17:24:28.302,27.141021241570858,2022-11-16 17:24:12.908,52.539886528714156,2022-11-16 17:20:02.618,82.88715187852291
51,2022-11-17 17:32:57.339,6.34612435871944,2022-11-17 17:30:38.476,40.0188960073389,2022-11-17 17:17:27.721,69.24743272485172,2022-11-17 17:21:22.852,99.0,2022-11-16 17:26:36.200,3.1390935452204434,2022-11-16 17:26:25.090,28.53795883236374,2022-11-16 17:26:08.998,53.809829793071316,2022-11-16 17:22:03.973,78.95470642734318
52,2022-11-17 17:34:55.475,6.18360527522986,2022-11-17 17:32:42.930,40.05568083847257,2022-11-17 17:19:34.218,69.69504743938315,2022-11-17 17:23:36.845,99.0,2022-11-16 17:28:29.447,4.663025462449041,2022-11-16 17:28:18.282,29.93489642315662,2022-11-16 17:28:01.544,55.206767383864204,2022-11-16 17:24:01.639,77.93875181585744
53,2022-11-17 17:36:57.477,5.516391511071626,2022-11-17 17:34:41.684,39.888524294283755,2022-11-17 17:21:42.785,71.03789158297745,2022-11-17 17:25:47.856,99.0,2022-11-16 17:30:25.186,1.0,2022-11-16 17:30:13.671,27.98713293923039,2022-11-16 17:29:54.850,55.33376171029992,2022-11-16 17:25:57.865,78.82771210090746
54,2022-11-17 17:38:55.765,5.684890028075144,2022-11-17 17:36:43.453,39.38295050899794,2022-11-17 17:23:54.442,71.63471120235269,2022-11-17 17:27:52.921,99.0,2022-11-16 17:32:18.869,1.0,2022-11-16 17:32:07.367,27.515121382927884,2022-11-16 17:31:52.409,55.10392950203482,2022-11-16 17:27:50.338,80.47863834457178
55,2022-11-17 17:40:50.972,5.684890028075144,2022-11-17 17:38:41.831,39.38459342877863,2022-11-17 17:26:00.590,71.93312101204032,2022-11-17 17:30:01.109,99.0,2022-11-16 17:34:18.441,1.0,2022-11-16 17:34:00.322,27.840025790942196,2022-11-16 17:33:45.626,55.51091319615941,2022-11-16 17:29:43.730,80.73262699744322
56,2022-11-17 17:42:51.743,5.684890028075144,2022-11-17 17:40:36.838,39.38459342877863,2022-11-17 17:28:06.232,70.88868667813364,2022-11-17 17:32:09.638,99.0,2022-11-16 17:36:18.064,1.0,2022-11-16 17:36:04.006,26.6788968141745,2022-11-16 17:35:45.283,54.25267175741541,2022-11-16 17:31:40.523,82.69273762114176
57,2022-11-17 17:44:52.650,5.211627784194651,2022-11-17 17:42:38.087,39.38459342877863,2022-11-17 17:30:21.790,73.72053564106308,2022-11-17 17:34:11.254,99.0,2022-11-16 17:38:17.005,1.0,2022-11-16 17:38:02.139,24.731511465174442,2022-11-16 17:37:45.109,52.32196921671351,2022-11-16 17:33:34.367,82.92770634705366
58,2022-11-17 17:46:57.153,4.70649576672316,2022-11-17 17:44:38.692,39.05383405880733,2022-11-17 17:32:25.428,73.7652373182257,2022-11-17 17:36:13.726,99.0,2022-11-16 17:40:16.878,1.0,2022-11-16 17:40:01.570,22.123169088295512,2022-11-16 17:39:46.701,49.456061835869185,2022-11-16 17:35:33.725,81.82644670065632
59,2022-11-17 17:48:59.694,3.969568217125952,2022-11-17 17:46:37.438,38.55034093731302,2022-11-17 17:34:25.288,73.59344331333764,2022-11-17 17:38:11.705,99.0,2022-11-16 17:42:16.138,1.0,2022-11-16 17:42:01.020,21.307261842099283,2022-11-16 17:41:46.020,48.504170048640255,2022-11-16 17:37:33.719,80.58482758679753
60,2022-11-17 17:51:02.289,3.4655853873864575,2022-11-17 17:48:42.239,37.73605741220933,2022-11-17 17:36:26.191,73.08786952805184,2022-11-17 17:40:10.096,99.0,2022-11-16 17:44:12.197,1.0,2022-11-16 17:43:56.377,20.62733913693576,2022-11-16 17:43:41.410,47.68826280244402,2022-11-16 17:39:35.538,76.92493912447557
61,2022-11-17 17:53:03.240,3.0319946556221926,2022-11-17 17:50:43.662,37.23243497993259,2022-11-17 17:38:25.288,73.08429682948211,2022-11-17 17:42:05.619,99.0,2022-11-16 17:46:08.359,1.0,2022-11-16 17:45:52.909,20.35537005487035,2022-11-16 17:45:34.226,47.68826280244402,2022-11-16 17:41:34.978,75.83706279621393
62,2022-11-17 17:55:08.513,2.2890616533542656,2022-11-17 17:52:46.364,36.739460728967856,2022-11-17 17:40:22.724,73.08429682948211,2022-11-17 17:44:05.753,99.0,2022-11-16 17:48:03.211,1.0,2022-11-16 17:47:47.974,20.763323677968465,2022-11-16 17:47:32.024,47.96023188450943,2022-11-16 17:43:30.030,74.885171008985
63,2022-11-17 17:57:21.577,2.2890616533542656,2022-11-17 17:54:51.660,36.105235499047154,2022-11-17 17:42:18.385,73.08429682948211,2022-11-17 17:46:06.715,99.0,2022-11-16 17:49:58.394,1.0,2022-11-16 17:49:42.353,21.035292760033872,2022-11-16 17:49:26.297,48.232200966574844,2022-11-16 17:45:23.856,75.0211555500177
64,2022-11-17 17:59:24.834,2.623875255786868,2022-11-17 17:57:03.860,35.77042189661456,2022-11-17 17:44:19.225,72.73434464709153,2022-11-17 17:48:12.051,99.0,2022-11-16 17:51:56.031,1.0,2022-11-16 17:51:38.516,22.259153629328218,2022-11-16 17:51:22.020,49.32007729483648,2022-11-16 17:47:20.626,75.0211555500177
65,2022-11-17 18:01:31.659,3.628316063084677,2022-11-17 17:59:10.705,36.105235499047154,2022-11-17 17:46:20.570,72.22580876874571,2022-11-17 17:50:13.713,99.0,2022-11-16 17:53:51.255,1.0,2022-11-16 17:53:35.487,22.395138170360923,2022-11-16 17:53:19.685,49.59204637690189,2022-11-16 17:49:15.062,75.42910917311582
66,2022-11-17 18:03:34.338,4.130536466733581,2022-11-17 18:01:14.781,36.77486270391236,2022-11-17 17:48:25.478,71.33590011848503,2022-11-17 17:52:16.276,99.0,2022-11-16 17:55:49.710,1.0,2022-11-16 17:55:33.043,22.667107252426334,2022-11-16 17:55:14.600,49.8640154589673,2022-11-16 17:51:10.275,76.51698550137745
67,2022-11-17 18:05:43.754,4.632756870382486,2022-11-17 18:03:20.109,37.44448990877757,2022-11-17 17:50:26.929,70.8312902958989,2022-11-17 17:54:19.403,99.0,2022-11-16 17:57:44.918,1.0,2022-11-16 17:57:29.030,21.579230924164694,2022-11-16 17:57:13.940,48.91212367173837,2022-11-16 17:53:07.861,76.78895458344286
68,2022-11-17 18:07:50.556,4.465350069166185,2022-11-17 18:05:25.715,38.11411711364278,2022-11-17 17:52:29.627,70.49530174273923,2022-11-17 17:56:28.532,99.0,2022-11-16 17:59:43.389,1.0,2022-11-16 17:59:27.983,16.608223279849177,2022-11-16 17:59:12.886,43.56303099370593,2022-11-16 17:55:03.345,76.92493912447557
69,2022-11-17 18:10:00.324,3.628316063084677,2022-11-17 18:07:35.103,37.946710312426475,2022-11-17 17:54:32.631,69.58946403050948,2022-11-17 17:58:38.900,99.0,2022-11-16 18:01:47.224,1.0,2022-11-16 18:01:30.922,15.401291591169027,2022-11-16 18:01:14.938,42.35609930502577,2022-11-16 17:57:02.070,76.24501641931204
70,2022-11-17 18:12:07.955,2.79128205700317,2022-11-17 18:09:40.924,37.109676306344966,2022-11-17 17:56:47.398,69.25178213987485,2022-11-17 18:00:42.563,99.0,2022-11-16 18:03:49.718,1.0,2022-11-16 18:03:34.430,15.133084549240104,2022-11-16 18:03:19.628,41.28327113731008,2022-11-16 17:58:56.671,70.38373518659822
71,2022-11-17 18:14:21.182,2.623875255786868,2022-11-17 18:11:47.113,36.44004910147976,2022-11-17 17:58:53.705,69.58659574230745,2022-11-17 18:02:50.617,99.0,2022-11-16 18:05:55.026,1.0,2022-11-16 18:05:41.292,16.47411975888472,2022-11-16 18:05:22.966,43.160720430812546,2022-11-16 18:00:57.855,69.17680349791806
72,2022-11-17 18:16:30.350,1.176667479287248,2022-11-17 18:14:01.467,36.105235499047154,2022-11-17 18:00:55.573,70.25622294717265,2022-11-17 18:04:51.791,99.0,2022-11-16 18:08:03.478,1.0,2022-11-16 18:07:47.104,15.937705675026873,2022-11-16 18:07:28.106,42.89251338888362,2022-11-16 18:03:02.994,68.37218237213129
73,2022-11-17 18:18:42.152,1.0,2022-11-17 18:16:10.838,34.78450938566826,2022-11-17 18:03:03.294,70.92585015203785,2022-11-17 18:07:03.535,99.0,2022-11-16 18:10:13.137,1.0,2022-11-16 18:09:57.775,15.133084549240104,2022-11-16 18:09:39.308,42.087892263096855,2022-11-16 18:05:08.507,69.71321758177591
74,2022-11-17 18:20:47.641,1.0094642857231633,2022-11-17 18:18:23.766,34.282899804976005,2022-11-17 18:05:04.757,71.42807055568676,2022-11-17 18:09:08.428,99.0,2022-11-16 18:12:14.499,1.0,2022-11-16 18:12:02.344,18.6197760943161,2022-11-16 18:11:44.321,45.038169724315004,2022-11-16 18:07:10.725,69.71321758177591
75,2022-11-17 18:22:50.585,1.3438706728513325,2022-11-17 18:20:30.190,34.45010299854009,2022-11-17 18:07:14.800,71.42807055568676,2022-11-17 18:11:18.331,99.0,2022-11-16 18:14:20.267,1.0,2022-11-16 18:14:04.775,20.765432429747484,2022-11-16 18:13:46.288,47.317929580710846,2022-11-16 18:09:21.529,69.17680349791806
76,2022-11-17 18:24:51.189,1.3438706728513325,2022-11-17 18:22:35.924,34.78450938566826,2022-11-17 18:09:24.548,70.75844335082155,2022-11-17 18:13:26.264,99.0,2022-11-16 18:16:23.876,1.0,2022-11-16 18:16:06.000,22.776985244214405,2022-11-16 18:15:48.094,49.46358591614223,2022-11-16 18:11:27.142,71.32245983334944
77,2022-11-17 18:27:15.527,1.0094642857231633,2022-11-17 18:24:35.395,34.78450938566826,2022-11-17 18:11:33.988,69.92140934474004,2022-11-17 18:15:39.886,99.0,2022-11-16 18:18:18.775,1.0,2022-11-16 18:18:03.099,23.849813411930096,2022-11-16 18:17:46.876,50.670517604822386,2022-11-16 18:13:29.803,74.13863377360313
78,2022-11-17 18:29:31.827,1.8454802535435866,2022-11-17 18:26:55.913,34.45010299854009,2022-11-17 18:13:48.119,69.58659574230745,2022-11-17 18:17:50.701,99.0,2022-11-16 18:20:14.199,1.0,2022-11-16 18:19:59.405,24.25212397482348,2022-11-16 18:19:42.762,51.07282816771577,2022-11-16 18:15:33.263,76.0160830671056
79,2022-11-17 18:31:50.648,3.517512189184433,2022-11-17 18:29:14.241,35.11891577279643,2022-11-17 18:15:57.635,68.22514809848519,2022-11-17 18:19:59.719,99.0,2022-11-16 18:22:11.485,1.0,2022-11-16 18:21:56.373,23.447502849036713,2022-11-16 18:21:38.051,50.40231056289346,2022-11-16 18:17:35.628,77.35711827675021
80,2022-11-17 18:34:03.043,3.517512189184433,2022-11-17 18:31:30.272,37.12535409556545,2022-11-17 18:18:09.305,67.72353851779293,2022-11-17 18:22:05.027,99.0,2022-11-16 18:24:08.723,1.0,2022-11-16 18:23:53.402,21.57005355553425,2022-11-16 18:23:34.953,48.524861269391,2022-11-16 18:19:31.429,77.89353236060805
81,2022-11-17 18:36:22.196,1.0,2022-11-17 18:33:45.370,36.958150902001364,2022-11-17 18:20:16.869,67.72353851779293,2022-11-17 18:24:07.976,99.0,2022-11-16 18:26:07.713,1.0,2022-11-16 18:25:51.890,20.3631218668541,2022-11-16 18:25:33.952,47.18382605974639,2022-11-16 18:21:26.049,77.35711827675021
82,2022-11-17 18:38:31.668,1.0,2022-11-17 18:36:01.477,32.39583090929678,2022-11-17 18:22:22.235,68.22514809848519,2022-11-17 18:26:10.717,99.0,2022-11-16 18:28:07.543,1.0,2022-11-16 18:27:52.057,20.49722538781856,2022-11-16 18:27:35.308,47.317929580710846,2022-11-16 18:23:23.179,75.47966898324775
83,2022-11-17 18:40:47.749,1.0,2022-11-17 18:38:17.552,30.40290610657567,2022-11-17 18:24:21.393,68.0579449049211,2022-11-17 18:28:36.549,99.0,2022-11-16 18:30:03.261,1.0,2022-11-16 18:29:47.998,21.57005355553425,2022-11-16 18:29:31.302,48.25665422746208,2022-11-16 18:25:21.697,74.13863377360313
84,2022-11-17 18:43:05.763,1.0,2022-11-17 18:40:33.545,29.73859783900197,2022-11-17 18:26:33.176,67.89074171135702,2022-11-17 18:30:48.730,99.0,2022-11-16 18:32:05.390,1.0,2022-11-16 18:31:44.864,17.681051447564872,2022-11-16 18:31:26.241,44.76996268238608,2022-11-16 18:27:23.191,73.87042673167421
85,2022-11-17 18:45:16.490,1.0,2022-11-17 18:42:51.985,28.502049670477383,2022-11-17 18:28:54.037,68.22514809848519,2022-11-17 18:33:07.424,99.0,2022-11-16 18:34:01.981,1.0,2022-11-16 18:33:46.784,12.798127769167946,2022-11-16 18:33:28.500,39.59947658062758,2022-11-16 18:29:19.764,74.80915137842544
86,2022-11-17 18:47:27.604,1.0,2022-11-17 18:45:03.185,26.878515020077334,2022-11-17 18:31:07.953,70.39878961481828,2022-11-17 18:35:23.084,99.0,2022-11-16 18:36:04.143,1.0,2022-11-16 18:35:48.079,9.990165023732505,2022-11-16 18:35:30.074,36.840619060961835,2022-11-16 18:31:15.051,71.59066687527837
87,2022-11-17 18:49:40.919,1.0,2022-11-17 18:47:12.019,26.09004842446677,2022-11-17 18:33:28.320,70.39878961481828,2022-11-17 18:37:40.802,97.1658869977327,2022-11-16 18:38:08.007,1.0,2022-11-16 18:37:48.689,7.863396387120281,2022-11-16 18:37:30.389,34.44800434477308,2022-11-16 18:33:17.246,66.40082539208721
88,2022-11-17 18:51:51.285,1.0,2022-11-17 18:49:25.771,23.53484842579145,2022-11-17 18:35:45.822,66.27555255555556,2022-11-17 18:39:50.457,96.33550166326557,2022-11-16 18:40:12.724,1.0,2022-11-16 18:39:55.101,8.395088546273337,2022-11-16 18:39:39.380,34.71385042434961,2022-11-16 18:35:18.785,64.65680694737402
89,2022-11-17 18:53:54.370,1.0,2022-11-17 18:51:37.089,20.24589443142906,2022-11-17 18:38:04.694,63.784396552154185,2022-11-17 18:42:03.806,94.98271244485528,2022-11-16 18:42:21.626,1.0,2022-11-16 18:42:05.718,11.585241501191673,2022-11-16 18:41:48.029,37.90400337926795,2022-11-16 18:37:19.086,61.29845838200241
90,2022-11-17 18:56:00.778,1.0,2022-11-17 18:53:41.122,20.0833036906172,2022-11-17 18:40:14.155,63.12008828458048,2022-11-17 18:44:26.810,93.27020760528423,2022-11-16 18:44:29.290,1.0,2022-11-16 18:44:13.577,12.648625819497786,2022-11-16 18:43:57.795,39.10031073736232,2022-11-16 18:39:23.446,61.16553534221415
91,2022-11-17 18:58:08.450,1.0,2022-11-17 18:55:46.740,22.35957406198327,2022-11-17 18:42:25.040,61.741188256893004,2022-11-17 18:46:34.333,92.27450338468839,2022-11-16 18:46:34.723,1.0,2022-11-16 18:46:21.133,12.11693366034473,2022-11-16 18:46:03.930,38.96738769757406,2022-11-16 18:41:30.803,64.08984221755595
92,2022-11-17 19:00:12.115,1.0,2022-11-17 18:57:55.426,24.635844433349344,2022-11-17 18:44:44.831,60.239514776823086,2022-11-17 18:48:46.192,90.77947700853163,2022-11-16 18:48:40.596,1.0,2022-11-16 18:48:26.696,13.313241018439106,2022-11-16 18:48:10.515,39.76492593630364,2022-11-16 18:43:40.577,65.55199565522686
93,2022-11-17 19:02:22.462,1.0,2022-11-17 18:59:58.777,26.099161100656108,2022-11-17 18:46:52.176,59.24754761540076,2022-11-17 18:51:00.479,85.93255371942146,2022-11-16 18:50:53.473,1.0,2022-11-16 18:50:36.420,13.579087098015634,2022-11-16 18:50:19.479,40.03077201588017,2022-11-16 18:45:47.312,65.68491869501513
94,2022-11-17 19:04:25.689,1.0,2022-11-17 19:02:07.767,22.79595856317477,2022-11-17 18:49:05.166,57.55408501587142,2022-11-17 18:53:06.361,85.11960001536215,2022-11-16 18:52:57.410,1.0,2022-11-16 18:52:42.567,14.775394456110009,2022-11-16 18:52:24.376,41.22707937397455,2022-11-16 18:47:53.909,66.21661085416818
95,2022-11-17 19:06:22.860,1.0,2022-11-17 19:04:11.489,22.37419047888291,2022-11-17 18:51:18.731,52.9266333346134,2022-11-17 18:55:09.108,86.09514446023333,2022-11-16 18:55:03.719,1.0,2022-11-16 18:54:48.518,15.838778774416122,2022-11-16 18:54:29.698,42.15754065249239,2022-11-16 18:50:01.962,66.61537997353297
96,2022-11-17 19:08:26.770,1.0,2022-11-17 19:06:11.248,17.94562559381832,2022-11-17 18:53:24.657,52.601451852989676,2022-11-17 18:57:19.002,89.50955001728244,2022-11-16 18:57:08.235,1.0,2022-11-16 18:56:52.515,16.10462485399265,2022-11-16 18:56:34.438,42.689232811645454,2022-11-16 18:52:10.544,67.41291821226255
97,2022-11-17 19:10:40.307,1.0,2022-11-17 19:08:12.678,16.46943729879679,2022-11-17 18:55:26.653,53.902177779484575,2022-11-17 18:59:25.042,90.48509446215361,2022-11-16 18:59:16.705,1.0,2022-11-16 18:59:01.244,15.174163575474802,2022-11-16 18:58:42.984,41.7587715331276,2022-11-16 18:54:15.564,68.60922557035693
98,2022-11-17 19:12:50.241,1.0,2022-11-17 19:10:26.828,16.04766921450493,2022-11-17 18:57:36.816,57.153992595721824,2022-11-17 19:01:29.940,99.0,2022-11-16 19:01:18.984,1.0,2022-11-16 19:01:06.249,9.72884477408847,2022-11-16 19:00:51.096,36.97500590053025,2022-11-16 18:56:21.838,69.27384076929825
99,2022-11-17 19:15:10.125,1.0,2022-11-17 19:12:36.818,13.727944750899667,2022-11-17 18:59:41.877,58.129537040593,2022-11-17 19:03:35.244,99.0,2022-11-16 19:03:22.528,1.0,2022-11-16 19:03:10.041,14.513536484097758,2022-11-16 19:02:54.464,40.4306165799814,2022-11-16 18:58:25.622,68.47630253056866
100,2022-11-17 19:17:21.242,1.0,2022-11-17 19:14:56.886,11.61910432944034,2022-11-17 19:01:47.905,64.76188295021538,2022-11-17 19:05:37.782,99.0,2022-11-16 19:05:24.797,1.0,2022-11-16 19:05:06.015,16.241341823823333,2022-11-16 19:04:50.738,42.822962434986046,2022-11-16 19:00:33.964,65.15322653586206
101,2022-11-17 19:19:28.909,1.0,2022-11-17 19:17:05.881,11.61910432944034,2022-11-17 19:03:54.922,64.55099890806945,2022-11-17 19:07:35.279,99.0,2022-11-16 19:07:22.671,1.0,2022-11-16 19:07:08.826,19.696952503274485,2022-11-16 19:06:53.979,46.544389320548824,2022-11-16 19:02:36.167,65.9489723666976
102,2022-11-17 19:21:44.041,1.0,2022-11-17 19:19:16.001,12.884408582315936,2022-11-17 19:05:57.231,62.44215848661012,2022-11-17 19:09:43.924,99.0,2022-11-16 19:09:29.073,1.0,2022-11-16 19:09:11.441,12.519914938260554,2022-11-16 19:08:55.407,39.5002598585907,2022-11-16 19:04:37.160,69.27167494309293
103,2022-11-17 19:23:58.003,1.0,2022-11-17 19:21:30.676,11.61910432944034,2022-11-17 19:07:54.307,58.646245727983334,2022-11-17 19:11:55.832,99.0,2022-11-16 19:11:43.958,1.0,2022-11-16 19:11:28.519,9.861752877144284,2022-11-16 19:11:04.829,36.57628159136281,2022-11-16 19:06:38.421,73.25891803476735
104,2022-11-17 19:26:08.714,1.0,2022-11-17 19:23:46.378,10.98645220300254,2022-11-17 19:10:03.178,58.4353616858374,2022-11-17 19:14:11.969,96.39448927210529,2022-11-16 19:13:49.085,1.0,2022-11-16 19:13:33.554,11.323742010758233,2022-11-16 19:13:18.512,37.63954641580931,2022-11-16 19:08:37.968,66.8793290880883
105,2022-11-17 19:28:13.937,1.0,2022-11-17 19:25:56.359,13.9388287930456,2022-11-17 19:12:12.768,56.53740530652401,2022-11-17 19:16:25.884,95.97272118781342,2022-11-16 19:15:54.482,1.0,2022-11-16 19:15:38.760,11.988282526037299,2022-11-16 19:15:22.851,38.436995034144196,2022-11-16 19:10:46.002,63.42371840863714
106,2022-11-17 19:30:18.487,1.0,2022-11-17 19:28:01.489,15.204133045921196,2022-11-17 19:14:33.032,54.00679680077281,2022-11-17 19:18:36.487,97.44890948283495,2022-11-16 19:17:58.035,1.0,2022-11-16 19:17:42.504,14.912260793265197,2022-11-16 19:17:23.140,41.22806519831628,2022-11-16 19:13:01.473,63.822442717804584
107,2022-11-17 19:32:24.928,1.0,2022-11-17 19:30:05.739,16.25855325665086,2022-11-17 19:16:46.115,53.79591275862688,2022-11-17 19:20:47.355,96.18360522995935,2022-11-16 19:20:00.992,1.0,2022-11-16 19:19:48.845,16.772974236046586,2022-11-16 19:19:31.600,43.22168674415348,2022-11-16 19:15:05.909,64.88570754225108
108,2022-11-17 19:34:25.435,1.0,2022-11-17 19:32:12.617,16.891205383088657,2022-11-17 19:18:55.902,55.272101053648406,2022-11-17 19:23:01.610,95.97272118781342,2022-11-16 19:22:03.752,1.0,2022-11-16 19:21:51.330,15.04516889632101,2022-11-16 19:21:33.950,42.02551381665116,2022-11-16 19:17:07.138,67.54386960336737
109,2022-11-17 19:36:34.699,1.0,2022-11-17 19:34:13.559,18.367393678110187,2022-11-17 19:21:09.225,54.00679680077281,2022-11-17 19:25:17.944,98.08156160927275,2022-11-16 19:24:05.038,1.0,2022-11-16 19:23:52.662,11.58955821686986,2022-11-16 19:23:35.621,38.56990313720001,2022-11-16 19:19:13.656,69.53749114920457
110,2022-11-17 19:38:40.076,1.0,2022-11-17 19:36:20.240,19.42181388883985,2022-11-17 19:23:25.536,53.58502871648095,2022-11-17 19:27:26.388,98.92509777785648,2022-11-16 19:26:15.166,1.0,2022-11-16 19:25:56.238,7.610527813734402,2022-11-16 19:25:39.064,34.452764119770826,2022-11-16 19:21:18.103,69.13876684003712
111,2022-11-17 19:40:41.787,1.0,2022-11-17 19:38:25.442,18.789161762402053,2022-11-17 19:25:38.349,55.90475318008621,2022-11-17 19:29:28.414,99.0,2022-11-16 19:28:22.927,1.0,2022-11-16 19:28:05.371,3.7680185972310185,2022-11-16 19:27:48.217,30.298871561320155,2022-11-16 19:23:20.869,65.41733995447434
112,2022-11-17 19:42:41.870,1.0,2022-11-17 19:40:29.795,16.891205383088657,2022-11-17 19:27:47.687,56.95917339081587,2022-11-17 19:31:35.418,99.0,2022-11-16 19:30:27.110,1.0,2022-11-16 19:30:10.243,2.0605874658787475,2022-11-16 19:29:52.433,28.460099573710018,2022-11-16 19:25:23.581,61.427882783757916
113,2022-11-17 19:44:52.861,1.0,2022-11-17 19:42:27.013,15.415017088067128,2022-11-17 19:29:48.549,58.224477643691465,2022-11-17 19:33:38.322,99.0,2022-11-16 19:32:27.708,1.0,2022-11-16 19:32:14.614,3.7680185972310185,2022-11-16 19:31:57.371,29.379485567515086,2022-11-16 19:27:32.162,56.82972452540929
114,2022-11-17 19:46:55.146,1.0,2022-11-17 19:44:38.777,15.415017088067128,2022-11-17 19:31:57.684,59.0680138122752,2022-11-17 19:35:39.509,99.0,2022-11-16 19:34:26.942,1.0,2022-11-16 19:34:13.455,3.6366777409731514,2022-11-16 19:33:55.082,30.561553273835887,2022-11-16 19:29:36.843,54.99095253779915
115,2022-11-17 19:49:02.545,1.0,2022-11-17 19:46:41.352,18.367393678110187,2022-11-17 19:33:59.259,60.54420210729673,2022-11-17 19:37:46.336,99.0,2022-11-16 19:36:27.189,1.0,2022-11-16 19:36:13.975,1.0,2022-11-16 19:35:59.803,27.184214595324768,2022-11-16 19:31:41.699,55.516315962830625
116,2022-11-17 19:51:08.441,1.0,2022-11-17 19:48:49.408,19.843581973131716,2022-11-17 19:35:56.596,61.38773827588046,2022-11-17 19:39:53.298,99.0,2022-11-16 19:38:33.530,1.0,2022-11-16 19:38:19.426,1.0,2022-11-16 19:38:04.205,23.72574983048773,2022-11-16 19:33:39.701,57.35508795044076
117,2022-11-17 19:53:16.196,1.0,2022-11-17 19:50:54.142,19.210929846693915,2022-11-17 19:38:06.500,61.59862231802639,2022-11-17 19:41:53.437,99.0,2022-11-16 19:40:41.209,1.0,2022-11-16 19:40:25.641,1.0,2022-11-16 19:40:10.125,21.943967838262495,2022-11-16 19:35:42.697,53.54038049382896
118,2022-11-17 19:55:20.028,1.0,2022-11-17 19:53:02.638,16.891205383088657,2022-11-17 19:40:09.096,59.27889785442113,2022-11-17 19:43:56.244,99.0,2022-11-16 19:42:46.365,1.0,2022-11-16 19:42:28.785,1.0,2022-11-16 19:42:15.991,21.034744573761742,2022-11-16 19:37:46.631,51.69957599763418
119,2022-11-17 19:57:27.218,1.0,2022-11-17 19:55:05.861,15.836785172358994,2022-11-17 19:42:09.035,57.8027095593996,2022-11-17 19:46:07.248,99.0,2022-11-16 19:44:54.899,1.0,2022-11-16 19:44:39.301,1.0,2022-11-16 19:44:21.115,22.593413027191602,2022-11-16 19:39:51.812,48.05166443321264
120,2022-11-17 19:59:31.589,1.0,2022-11-17 19:57:11.661,13.3061766666078,2022-11-17 19:44:16.977,57.38094147510774,2022-11-17 19:48:09.230,99.0,2022-11-16 19:47:01.551,1.0,2022-11-16 19:46:43.893,1.0,2022-11-16 19:46:28.088,25.45097185847968,2022-11-16 19:41:58.572,47.012552130926075
121,2022-11-17 20:01:36.145,1.0,2022-11-17 19:59:17.426,12.884408582315936,2022-11-17 19:46:24.372,60.122434023004864,2022-11-17 19:50:17.641,99.0,2022-11-16 19:49:00.941,1.0,2022-11-16 19:48:50.004,1.0,2022-11-16 19:48:34.453,26.619973198552074,2022-11-16 19:44:03.661,48.571220584355935
122,2022-11-17 20:03:38.598,1.0,2022-11-17 20:01:21.985,14.571480919483397,2022-11-17 19:48:32.526,62.020390402318256,2022-11-17 19:52:22.798,99.0,2022-11-16 19:50:57.181,1.0,2022-11-16 19:50:46.563,2.9801683215325356,2022-11-16 19:50:31.115,28.82808684091104,2022-11-16 19:46:12.101,51.16900134007236
123,2022-11-17 20:05:42.703,1.0,2022-11-17 20:03:24.647,17.94562559381832,2022-11-17 19:50:37.349,61.59862231802639,2022-11-17 19:54:30.406,99.0,2022-11-16 19:52:50.192,1.0,2022-11-16 19:52:39.847,4.538836774962395,2022-11-16 19:52:24.244,30.25686625655508,2022-11-16 19:48:19.032,52.20811364235894
124,2022-11-17 20:07:51.019,1.0,2022-11-17 20:05:28.481,20.054466015277647,2022-11-17 19:52:44.750,59.27889785442113,2022-11-17 19:56:35.824,98.29244565141867,2022-11-16 19:54:48.521,1.0,2022-11-16 19:54:38.118,4.14916966160493,2022-11-16 19:54:22.147,30.25686625655508,2022-11-16 19:50:15.411,54.54611632250373
125,2022-11-17 20:09:52.504,1.0,2022-11-17 20:07:37.539,21.319770268153245,2022-11-17 19:54:49.035,58.224477643691465,2022-11-17 19:58:39.811,97.44890948283495,2022-11-16 19:56:47.793,1.0,2022-11-16 19:56:37.345,3.499724472675822,2022-11-16 19:56:21.265,29.47753202984015,2022-11-16 19:52:09.052,55.974895738147765
126,2022-11-17 20:11:53.597,1.0,2022-11-17 20:09:39.369,21.319770268153245,2022-11-17 19:56:53.755,55.90475318008621,2022-11-17 20:00:44.456,97.87067756712682,2022-11-16 19:58:46.631,1.0,2022-11-16 19:58:34.823,3.759502548247465,2022-11-16 19:58:19.355,29.60742106762597,2022-11-16 19:54:06.536,56.49445188929105
127,2022-11-17 20:13:52.198,1.0,2022-11-17 20:11:40.320,20.265350057423582,2022-11-17 19:59:00.777,55.06121701150248,2022-11-17 20:02:49.437,99.0,2022-11-16 20:00:50.230,1.0,2022-11-16 20:00:39.650,5.188281963891503,2022-11-16 20:00:23.783,30.90631144548419,2022-11-16 19:56:05.918,55.585228624790304
128,2022-11-17 20:15:59.434,1.0,2022-11-17 20:13:38.979,20.476234099569513,2022-11-17 20:01:02.147,56.32652126437807,2022-11-17 20:04:54.538,99.0,2022-11-16 20:02:52.621,1.0,2022-11-16 20:02:41.084,6.097505228392254,2022-11-16 20:02:25.513,31.94542374777076,2022-11-16 19:58:03.945,55.585228624790304
129,2022-11-17 20:18:08.750,1.0,2022-11-17 20:15:46.228,23.217726647466638,2022-11-17 20:03:03.822,59.700665938712994,2022-11-17 20:07:00.413,99.0,2022-11-16 20:04:58.257,1.0,2022-11-16 20:04:45.990,7.656173681822114,2022-11-16 20:04:27.646,33.50409220120062,2022-11-16 20:00:06.663,56.49445188929105
130,2022-11-17 20:20:07.783,1.0,2022-11-17 20:17:54.333,25.5374511110719,2022-11-17 20:05:11.877,61.38773827588046,2022-11-17 20:09:06.279,99.0,2022-11-16 20:06:55.853,1.0,2022-11-16 20:06:45.297,8.955064059680332,2022-11-16 20:06:28.635,34.802982579058835,2022-11-16 20:02:07.339,57.79334226714927
131,2022-11-17 20:22:03.324,1.0,2022-11-17 20:19:54.190,26.802755363947494,2022-11-17 20:07:18.299,63.496578697339785,2022-11-17 20:11:06.987,99.0,2022-11-16 20:08:58.888,1.0,2022-11-16 20:08:42.196,8.695285984108688,2022-11-16 20:08:24.481,34.67309354127302,2022-11-16 20:04:09.581,59.35201072057913
132,2022-11-17 20:24:05.082,1.0,2022-11-17 20:21:49.776,27.43540749038529,2022-11-17 20:09:21.954,63.496578697339785,2022-11-17 20:13:07.626,99.0,2022-11-16 20:11:03.326,1.0,2022-11-16 20:10:47.215,6.876839455107184,2022-11-16 20:10:30.617,33.3742031634148,2022-11-16 20:06:13.011,60.78079013622317
133,2022-11-17 20:26:07.542,1.0,2022-11-17 20:23:51.986,26.591871321801563,2022-11-17 20:11:21.094,62.44215848661012,2022-11-17 20:15:08.227,99.0,2022-11-16 20:13:09.553,1.0,2022-11-16 20:12:58.151,4.7986148505340385,2022-11-16 20:12:39.474,31.16608952105583,2022-11-16 20:08:07.601,60.91067917400899
134,2022-11-17 20:28:13.404,1.0,2022-11-17 20:25:54.461,24.06126281605037,2022-11-17 20:13:22.025,62.44215848661012,2022-11-17 20:17:16.220,99.0,2022-11-16 20:15:24.927,1.0,2022-11-16 20:15:08.137,2.8502792837467137,2022-11-16 20:14:47.238,29.087864916482687,2022-11-16 20:10:10.922,59.61178879615077
135,2022-11-17 20:30:20.278,1.0,2022-11-17 20:27:58.853,22.37419047888291,2022-11-17 20:15:26.743,64.97276699236131,2022-11-17 20:19:24.362,99.0,2022-11-16 20:17:35.568,1.0,2022-11-16 20:17:20.794,3.110057359318357,2022-11-16 20:17:01.623,29.087864916482687,2022-11-16 20:12:20.867,57.27378611600598
136,2022-11-17 20:32:28.653,1.0,2022-11-17 20:30:04.473,21.530654310299177,2022-11-17 20:17:38.869,67.5033754981125,2022-11-17 20:21:20.793,99.0,2022-11-16 20:19:49.031,1.0,2022-11-16 20:19:32.970,4.14916966160493,2022-11-16 20:19:14.474,30.12697721876926,2022-11-16 20:14:28.434,55.195561511432835
137,2022-11-17 20:34:33.308,1.0,2022-11-17 20:32:13.914,20.89800218386138,2022-11-17 20:19:38.330,68.97956379313403,2022-11-17 20:23:18.620,99.0,2022-11-16 20:21:58.033,1.0,2022-11-16 20:21:45.912,1.0,2022-11-16 20:21:25.713,26.749862236337897,2022-11-16 20:16:44.610,54.93578343586119
138,2022-11-17 20:36:36.350,1.0,2022-11-17 20:34:18.827,20.687118141715445,2022-11-17 20:21:33.817,69.61221591957184,2022-11-17 20:25:19.301,99.0,2022-11-16 20:26:02.976,1.0,2022-11-16 20:23:54.853,1.0,2022-11-16 20:23:36.211,24.411859556193107,2022-11-16 20:18:56.296,55.974895738147765
139,2022-11-17 20:38:38.659,1.0,2022-11-17 20:36:21.887,22.163306436736974,2022-11-17 20:23:36.389,68.97956379313403,2022-11-17 20:27:22.946,99.0,2022-11-16 20:28:11.189,1.0,2022-11-16 20:27:58.190,1.0,2022-11-16 20:27:41.750,20.904855535975923,2022-11-16 20:21:07.591,53.636893058002975
140,2022-11-17 20:40:38.238,1.0,2022-11-17 20:38:24.249,24.2721468581963,2022-11-17 20:25:38.601,66.65983932952878,2022-11-17 20:29:27.603,99.0,2022-11-16 20:30:22.560,1.0,2022-11-16 20:30:09.116,1.0,2022-11-16 20:29:47.647,22.463523989405783,2022-11-16 20:23:14.652,50.909223264500724
141,2022-11-17 20:42:35.554,1.0,2022-11-17 20:40:25.186,25.115683026780033,2022-11-17 20:27:42.752,64.55099890806945,2022-11-17 20:31:34.689,99.0,2022-11-16 20:32:42.125,1.0,2022-11-16 20:32:27.209,1.0,2022-11-16 20:32:06.776,25.840638971837144,2022-11-16 20:27:20.466,46.88266309314025
142,2022-11-17 20:44:30.604,1.0,2022-11-17 20:42:22.567,25.326567068925964,2022-11-17 20:29:44.940,63.70746273948572,2022-11-17 20:33:42.996,99.0,2022-11-16 20:34:49.805,1.0,2022-11-16 20:34:37.173,1.0,2022-11-16 20:34:17.749,25.45097185847968,2022-11-16 20:29:29.860,47.92177539542682
143,2022-11-17 20:46:23.105,1.0,2022-11-17 20:44:17.385,24.693914942488167,2022-11-17 20:31:54.476,63.074810613047916,2022-11-17 20:35:45.119,99.0,2022-11-16 20:37:02.332,1.0,2022-11-16 20:36:48.027,1.1617217925310324,2022-11-16 20:36:28.869,26.879751274123716,2022-11-16 20:31:41.435,51.688557491215654
144,2022-11-17 20:48:17.961,1.0,2022-11-17 20:46:09.999,24.693914942488167,2022-11-17 20:34:02.623,62.86392657090199,2022-11-17 20:37:48.302,99.0,2022-11-16 20:39:06.991,1.0,2022-11-16 20:38:53.124,3.759502548247465,2022-11-16 20:38:37.118,29.47753202984015,2022-11-16 20:33:58.564,51.42877941564401
145,2022-11-17 20:50:22.419,1.0,2022-11-17 20:48:04.660,30.59866812257428,2022-11-17 20:36:02.377,63.70746273948572,2022-11-17 20:39:51.719,99.0,2022-11-16 20:41:09.786,1.0,2022-11-16 20:40:57.426,3.6296135104616436,2022-11-16 20:40:41.278,29.47753202984015,2022-11-16 20:36:07.314,52.857558831288046
146,2022-11-17 20:52:28.773,5.929675964850131,2022-11-17 20:50:08.527,34.8292206852153,2022-11-17 20:38:04.037,66.23807124523691,2022-11-17 20:41:49.997,99.0,2022-11-16 20:43:08.913,1.0,2022-11-16 20:42:56.135,4.6687258127482165,2022-11-16 20:42:40.877,30.3867552943409,2022-11-16 20:38:18.109,55.32545054921866
147,2022-11-17 20:54:37.910,13.306269708909984,2022-11-17 20:52:09.698,45.7153851632493,2022-11-17 20:40:07.358,67.5033754981125,2022-11-17 20:43:48.734,99.0,2022-11-16 20:45:11.301,1.0,2022-11-16 20:44:57.715,5.967616190606433,2022-11-16 20:44:42.461,31.94542374777076,2022-11-16 20:40:25.348,55.45533958700448
148,2022-11-17 20:56:48.217,16.98152986551031,2022-11-17 20:54:22.057,53.46551897193649,2022-11-17 20:42:06.781,67.5033754981125,2022-11-17 20:45:44.075,99.0,2022-11-16 20:47:17.133,1.0,2022-11-16 20:47:04.152,5.837727152820611,2022-11-16 20:46:47.996,31.81553470998494,2022-11-16 20:42:25.904,56.10478477593359
149,2022-11-17 20:59:06.844,15.350988130473784,2022-11-17 20:56:28.735,58.15270867518268,2022-11-17 20:44:01.571,66.87072337167471,2022-11-17 20:47:37.307,99.0,2022-11-16 20:49:25.800,1.0,2022-11-16 20:49:12.634,4.4089477371765735,2022-11-16 20:48:53.724,30.646533369912547,2022-11-16 20:44:26.593,57.79334226714927
150,2022-11-17 21:01:26.856,4.883441926122263,2022-11-17 20:58:46.946,56.31834922326659,2022-11-17 20:45:56.625,66.87072337167471,2022-11-17 20:49:31.741,99.0,2022-11-16 20:51:37.944,1.0,2022-11-16 20:51:25.394,2.8502792837467137,2022-11-16 20:51:04.803,28.957975878696864,2022-11-16 20:46:29.629,57.92323130493509
151,2022-11-17 21:03:44.282,1.695859018728716,2022-11-17 21:01:06.896,54.413576333314296,2022-11-17 20:47:50.973,70.87752017244743,2022-11-17 20:51:36.251,99.0,2022-11-16 20:53:41.969,1.0,2022-11-16 20:53:29.273,2.0709450570317838,2022-11-16 20:53:12.976,28.308530689767757,2022-11-16 20:48:35.427,56.88411900264852
152,2022-11-17 21:05:52.888,1.0,2022-11-17 21:03:23.741,51.22599342592075,2022-11-17 20:49:50.623,76.75956906913346,2022-11-17 20:53:41.751,99.0,2022-11-16 20:55:46.314,1.0,2022-11-16 20:55:33.452,2.0709450570317838,2022-11-16 20:55:18.411,27.918863576410292,2022-11-16 20:50:45.905,55.06567247364701
153,2022-11-17 21:07:59.378,1.0,2022-11-17 21:05:36.856,48.0384105185272,2022-11-17 20:51:52.948,85.9091529175295,2022-11-17 20:55:51.400,99.0,2022-11-16 20:57:54.806,1.0,2022-11-16 20:57:41.935,2.5905012081750707,2022-11-16 20:57:24.880,28.438419727553576,2022-11-16 20:52:55.925,54.416227284717905
154,2022-11-17 21:10:05.623,1.0,2022-11-17 21:07:40.882,45.83162235187013,2022-11-17 20:54:02.490,93.42091417779027,2022-11-17 20:58:01.601,99.0,2022-11-16 21:00:03.382,1.0,2022-11-16 20:59:50.512,4.0192806238191086,2022-11-16 20:59:31.926,29.867199143197617,2022-11-16 20:55:00.743,53.7667820957888
155,2022-11-17 21:12:09.564,1.0,2022-11-17 21:09:50.094,45.83162235187013,2022-11-17 20:56:08.962,98.71243433421635,2022-11-17 21:00:20.687,99.0,2022-11-16 21:02:10.826,1.0,2022-11-16 21:01:58.390,1.0,2022-11-16 21:01:41.505,9.117674088808709,2022-11-16 20:57:05.493,54.416227284717905
156,2022-11-17 21:14:13.747,1.0,2022-11-17 21:11:54.775,49.01920525926368,2022-11-17 20:58:28.948,97.69334574981852,2022-11-17 21:02:41.869,99.0,2022-11-16 21:04:16.394,1.0,2022-11-16 21:04:03.629,1.0,2022-11-16 21:03:50.557,9.693481496008587,2022-11-16 20:59:13.307,55.585228624790304
157,2022-11-17 21:16:18.070,1.0,2022-11-17 21:13:59.313,50.000000000000156,2022-11-17 21:00:47.545,99.0,2022-11-17 21:04:57.777,99.0,2022-11-16 21:06:22.848,1.0,2022-11-16 21:06:10.543,1.0,2022-11-16 21:05:56.965,10.269288903208466,2022-11-16 21:01:22.131,66.4105111051966
158,2022-11-17 21:18:22.362,1.0,2022-11-17 21:16:03.752,50.000000000000156,2022-11-17 21:03:04.421,99.0,2022-11-17 21:07:06.337,99.0,2022-11-16 21:08:26.871,1.0,2022-11-16 21:08:14.330,1.0,2022-11-16 21:08:00.517,11.420903717608223,2022-11-16 21:03:29.646,67.27422221599642
159,2022-11-17 21:20:25.294,1.0,2022-11-17 21:18:08.513,48.0384105185272,2022-11-17 21:05:18.130,98.05894229608747,2022-11-17 21:09:13.276,99.0,2022-11-16 21:10:24.779,1.0,2022-11-16 21:10:12.483,1.0,2022-11-16 21:09:59.590,13.436229642807797,2022-11-16 21:05:37.076,67.8500296231963
160,2022-11-17 21:22:33.299,1.0,2022-11-17 21:20:12.062,38.9660591667148,2022-11-17 21:07:23.228,94.87135938869392,2022-11-17 21:11:19.534,99.0,2022-11-16 21:12:25.002,1.0,2022-11-16 21:12:12.693,1.0,2022-11-16 21:11:59.772,14.012037050007676,2022-11-16 21:07:43.412,68.71374073399612
161,2022-11-17 21:24:40.385,1.0,2022-11-17 21:22:19.731,28.422515703797682,2022-11-17 21:09:33.106,94.87135938869392,2022-11-17 21:13:24.126,99.0,2022-11-16 21:14:25.592,1.0,2022-11-16 21:14:12.654,1.0,2022-11-16 21:13:55.806,11.708807421208162,2022-11-16 21:09:42.853,71.01697036279563
162,2022-11-17 21:26:37.124,1.0,2022-11-17 21:24:27.165,22.782945944562947,2022-11-17 21:11:34.286,97.81374361090336,2022-11-17 21:15:27.849,99.0,2022-11-16 21:16:30.210,1.0,2022-11-16 21:16:17.566,1.0,2022-11-16 21:16:06.325,5.66282964560944,2022-11-16 21:11:40.215,71.59277776999551
163,2022-11-17 21:28:35.759,1.0,2022-11-17 21:26:23.241,18.614568296432925,2022-11-17 21:13:39.271,98.79453835163983,2022-11-17 21:17:31.406,99.0,2022-11-16 21:18:35.005,1.0,2022-11-16 21:18:21.913,1.0,2022-11-16 21:18:09.038,1.0,2022-11-16 21:13:38.629,69.86535554839587
164,2022-11-17 21:30:37.534,1.0,2022-11-17 21:28:22.129,20.821356463089995,2022-11-17 21:15:46.328,99.0,2022-11-17 21:19:35.649,99.0,2022-11-16 21:20:36.534,1.0,2022-11-16 21:20:23.526,1.0,2022-11-16 21:20:10.903,1.0,2022-11-16 21:15:48.913,63.819377772797154
165,2022-11-17 21:32:45.227,1.0,2022-11-17 21:30:24.110,19.05877393269081,2022-11-17 21:17:50.380,97.56854492571924,2022-11-17 21:21:39.986,99.0,2022-11-16 21:22:40.577,1.0,2022-11-16 21:22:27.255,1.0,2022-11-16 21:22:13.861,1.0,2022-11-16 21:17:49.046,59.788725922398
166,2022-11-17 21:34:57.850,1.0,2022-11-17 21:32:32.045,20.17482469405871,2022-11-17 21:19:55.053,89.47698831464331,2022-11-17 21:23:54.666,99.0,2022-11-16 21:24:46.060,1.0,2022-11-16 21:24:32.511,1.0,2022-11-16 21:24:18.615,1.0,2022-11-16 21:19:53.672,44.5581949531388
167,2022-11-17 21:37:12.881,1.0,2022-11-17 21:34:42.994,19.027702566907127,2022-11-17 21:21:58.656,78.9334448517262,2022-11-17 21:25:54.984,99.0,2022-11-16 21:26:47.150,1.0,2022-11-16 21:26:34.193,1.0,2022-11-16 21:26:21.660,1.0,2022-11-16 21:21:55.188,41.98049782567806
168,2022-11-17 21:39:10.348,1.0,2022-11-17 21:36:59.592,18.16736097154344,2022-11-17 21:24:10.750,72.5582790369391,2022-11-17 21:27:53.655,99.0,2022-11-16 21:28:49.021,1.0,2022-11-16 21:28:35.793,1.0,2022-11-16 21:28:22.874,1.0,2022-11-16 21:24:01.121,39.40280069821732
169,2022-11-17 21:41:07.326,1.0,2022-11-17 21:38:57.090,24.852265348446778,2022-11-17 21:26:10.239,68.14470270362496,2022-11-17 21:29:50.237,99.0,2022-11-16 21:30:52.877,1.0,2022-11-16 21:30:39.191,1.0,2022-11-16 21:30:25.929,8.143318615217783,2022-11-16 21:26:05.506,43.12614099343839
170,2022-11-17 21:43:11.734,1.0,2022-11-17 21:40:54.241,27.677853511542683,2022-11-17 21:28:08.622,69.37069612954555,2022-11-17 21:31:52.132,99.0,2022-11-16 21:32:57.156,1.0,2022-11-16 21:32:44.740,1.0,2022-11-16 21:32:32.119,6.818839015644839,2022-11-16 21:28:06.146,42.839730201498305
171,2022-11-17 21:45:13.907,1.0,2022-11-17 21:42:58.503,29.090647593090633,2022-11-17 21:30:04.989,72.80347772212322,2022-11-17 21:34:03.380,99.0,2022-11-16 21:34:57.005,1.0,2022-11-16 21:34:44.865,1.0,2022-11-16 21:34:32.499,5.553504890140736,2022-11-16 21:30:07.873,44.271784161198724
172,2022-11-17 21:47:18.740,1.0,2022-11-17 21:44:59.768,29.700330944297484,2022-11-17 21:32:10.372,78.53441752335664,2022-11-17 21:36:19.840,99.0,2022-11-16 21:36:57.066,1.0,2022-11-16 21:36:43.746,1.0,2022-11-16 21:36:30.732,7.0020387941868245,2022-11-16 21:32:11.819,44.76366541985238
173,2022-11-17 21:49:27.402,1.0,2022-11-17 21:47:05.088,30.828090336280983,2022-11-17 21:34:21.442,76.6705894562742,2022-11-17 21:38:24.561,99.0,2022-11-16 21:38:55.032,1.0,2022-11-16 21:38:42.592,1.0,2022-11-16 21:38:29.507,9.411407310029814,2022-11-16 21:34:16.002,42.736729829357515
174,2022-11-17 21:51:34.160,1.0,2022-11-17 21:49:14.101,33.36554896824386,2022-11-17 21:36:39.354,75.52346732912261,2022-11-17 21:40:22.789,99.0,2022-11-16 21:40:56.407,1.0,2022-11-16 21:40:43.811,1.0,2022-11-16 21:40:31.508,9.596743349710044,2022-11-16 21:36:13.168,43.88391069055259
175,2022-11-17 21:53:35.812,1.0,2022-11-17 21:51:21.024,32.519729424256234,2022-11-17 21:38:41.993,81.08146979405525,2022-11-17 21:42:19.466,99.0,2022-11-16 21:42:55.844,1.0,2022-11-16 21:42:43.535,1.0,2022-11-16 21:42:30.294,10.184806843170113,2022-11-16 21:38:11.132,46.29327920639558
176,2022-11-17 21:55:34.527,1.0,2022-11-17 21:53:22.439,29.700330944297484,2022-11-17 21:40:40.577,83.90705795715117,2022-11-17 21:44:23.352,99.0,2022-11-16 21:44:54.621,1.0,2022-11-16 21:44:41.630,1.0,2022-11-16 21:44:29.370,12.77622744993509,2022-11-16 21:40:11.816,46.66395128575604
177,2022-11-17 21:57:35.998,1.0,2022-11-17 21:55:21.563,28.290631704318113,2022-11-17 21:42:39.740,86.16752848762788,2022-11-17 21:46:26.835,99.0,2022-11-16 21:46:50.770,1.0,2022-11-16 21:46:38.414,1.0,2022-11-16 21:46:26.008,14.260132857716249,2022-11-16 21:42:13.432,47.037008881351966
178,2022-11-17 21:59:37.384,1.0,2022-11-17 21:57:22.834,30.830611439253047,2022-11-17 21:44:43.170,85.80636069547656,2022-11-17 21:48:30.588,99.0,2022-11-16 21:48:54.842,1.0,2022-11-16 21:48:41.810,1.0,2022-11-16 21:48:27.850,14.075906738426127,2022-11-16 21:44:12.842,49.26154471479828
179,2022-11-17 22:01:33.954,1.0,2022-11-17 21:59:24.052,35.711795158844325,2022-11-17 21:46:49.628,87.21605993545593,2022-11-17 21:50:39.054,99.0,2022-11-16 21:50:57.912,1.0,2022-11-16 21:50:45.634,1.0,2022-11-16 21:50:33.210,13.89875799224588,2022-11-16 21:46:11.004,51.10535671574067
180,2022-11-17 22:03:33.089,1.0,2022-11-17 22:01:20.878,32.850382187107535,2022-11-17 21:48:54.327,89.47157871942294,2022-11-17 21:52:47.454,99.0,2022-11-16 21:52:57.328,1.0,2022-11-16 21:52:45.108,1.0,2022-11-16 21:52:32.989,13.917068718574503,2022-11-16 21:48:08.469,50.92113059645055
181,2022-11-17 22:05:33.423,1.0,2022-11-17 22:03:19.901,34.992676347238096,2022-11-17 21:50:57.276,88.90769902343118,2022-11-17 21:54:49.391,99.0,2022-11-16 21:55:01.692,1.0,2022-11-16 21:54:48.723,1.0,2022-11-16 21:54:35.831,14.28526189491558,2022-11-16 21:50:13.087,50.552678357870306
182,2022-11-17 22:07:34.533,1.0,2022-11-17 22:05:20.267,37.52981625291424,2022-11-17 21:53:00.946,86.08830054347243,2022-11-17 21:56:47.857,99.0,2022-11-16 21:57:03.229,1.0,2022-11-16 21:56:50.783,1.0,2022-11-16 21:56:38.073,12.812489189551275,2022-11-16 21:52:15.907,50.552289764511606
183,2022-11-17 22:09:37.570,1.0,2022-11-17 22:07:21.315,41.76399671675653,2022-11-17 21:55:04.054,84.39666145549718,2022-11-17 21:58:49.809,99.0,2022-11-16 21:59:11.504,1.0,2022-11-16 21:58:56.822,1.0,2022-11-16 21:58:38.030,11.339716484186969,2022-11-16 21:54:16.558,51.4727727053643
184,2022-11-17 22:11:38.253,1.0,2022-11-17 22:09:23.131,44.6465978658916,2022-11-17 21:57:02.278,86.64736048378145,2022-11-17 22:00:49.307,99.0,2022-11-16 22:01:15.711,1.0,2022-11-16 22:01:02.955,1.0,2022-11-16 22:00:50.113,1.0,2022-11-16 21:56:19.868,49.81590341182945
185,2022-11-17 22:13:39.056,1.0,2022-11-17 22:11:24.971,44.651446012349076,2022-11-17 21:59:04.817,91.18364924803507,2022-11-17 22:02:47.168,99.0,2022-11-16 22:03:15.205,1.0,2022-11-16 22:02:59.615,1.0,2022-11-16 22:02:41.333,1.0,2022-11-16 21:58:17.965,48.159034118294606
186,2022-11-17 22:15:43.134,1.0,2022-11-17 22:13:25.947,43.4171643228911,2022-11-17 22:01:04.106,99.0,2022-11-17 22:04:44.997,99.0,2022-11-16 22:05:25.061,1.0,2022-11-16 22:05:10.662,1.0,2022-11-16 22:04:54.094,1.0,2022-11-16 22:00:32.422,45.3778733796144
187,2022-11-17 22:17:46.086,1.0,2022-11-17 22:15:29.209,43.00573709307177,2022-11-17 22:03:00.369,99.0,2022-11-17 22:06:45.248,99.0,2022-11-16 22:07:33.266,1.0,2022-11-16 22:07:16.611,1.0,2022-11-16 22:07:03.792,1.0,2022-11-16 22:02:30.099,45.02232517804626
188,2022-11-17 22:19:45.257,1.0,2022-11-17 22:17:31.442,50.80807769154083,2022-11-17 22:05:00.851,99.0,2022-11-17 22:08:48.956,99.0,2022-11-16 22:09:33.438,1.0,2022-11-16 22:09:20.782,1.0,2022-11-16 22:09:06.371,1.0,2022-11-16 22:04:35.870,49.289525910502284
189,2022-11-17 22:21:42.625,1.0,2022-11-17 22:19:32.189,51.61615538308227,2022-11-17 22:06:58.596,99.0,2022-11-17 22:10:52.872,99.0,2022-11-16 22:11:28.460,1.0,2022-11-16 22:11:15.749,1.0,2022-11-16 22:11:03.358,1.0,2022-11-16 22:06:45.864,52.841896357989214
190,2022-11-17 22:23:38.489,1.0,2022-11-17 22:21:29.478,51.61615538308227,2022-11-17 22:09:02.124,99.0,2022-11-17 22:12:52.740,99.0,2022-11-16 22:13:30.327,1.0,2022-11-16 22:13:18.041,1.0,2022-11-16 22:13:05.247,1.0,2022-11-16 22:08:47.578,51.42094817899444
191,2022-11-17 22:25:36.447,1.0,2022-11-17 22:23:24.543,48.38384461691649,2022-11-17 22:11:05.940,99.0,2022-11-17 22:14:53.526,99.0,2022-11-16 22:15:28.918,1.0,2022-11-16 22:15:16.152,1.0,2022-11-16 22:15:02.775,1.0,2022-11-16 22:10:50.595,49.999999999999666
192,2022-11-17 22:27:36.754,1.0,2022-11-17 22:25:23.010,44.74749500497998,2022-11-17 22:13:05.902,99.0,2022-11-17 22:16:58.433,99.0,2022-11-16 22:17:26.016,1.0,2022-11-16 22:17:13.657,1.0,2022-11-16 22:17:00.529,1.0,2022-11-16 22:12:47.671,56.65263082270141
193,2022-11-17 22:29:34.847,1.0,2022-11-17 22:27:22.960,44.34345615920926,2022-11-17 22:15:05.430,99.0,2022-11-17 22:19:00.311,99.0,2022-11-16 22:19:27.200,1.0,2022-11-16 22:19:15.084,1.0,2022-11-16 22:19:02.699,1.8930444230555858,2022-11-16 22:14:46.501,61.904707787992464
194,2022-11-17 22:31:35.112,1.0,2022-11-17 22:29:21.622,49.59596115422866,2022-11-17 22:17:10.341,99.0,2022-11-17 22:20:58.632,99.0,2022-11-16 22:21:28.937,1.0,2022-11-16 22:21:16.784,1.0,2022-11-16 22:21:03.558,4.298392201902826,2022-11-16 22:16:45.979,66.04233838259252
195,2022-11-17 22:33:34.308,1.0,2022-11-17 22:31:21.610,53.34418493934354,2022-11-17 22:19:12.386,99.0,2022-11-17 22:22:56.316,99.0,2022-11-16 22:23:30.916,1.0,2022-11-16 22:23:18.713,1.0,2022-11-16 22:23:06.362,4.298392201902826,2022-11-16 22:18:44.937,68.9689030555458
196,2022-11-17 22:35:30.562,1.0,2022-11-17 22:33:21.314,58.212728502649085,2022-11-17 22:21:12.066,99.0,2022-11-17 22:24:51.900,99.0,2022-11-16 22:25:19.204,1.0,2022-11-16 22:25:06.623,1.0,2022-11-16 22:24:53.874,1.0,2022-11-16 22:20:45.079,72.67899334341722
197,2022-11-17 22:37:29.213,1.0,2022-11-17 22:35:16.973,63.07140582711173,2022-11-17 22:23:09.393,99.0,2022-11-17 22:26:49.929,99.0,2022-11-16 22:27:10.861,1.0,2022-11-16 22:26:58.304,1.0,2022-11-16 22:26:46.161,1.0,2022-11-16 22:22:47.514,73.02261445468112
198,2022-11-17 22:39:29.295,1.0,2022-11-17 22:37:15.490,66.8838991933525,2022-11-17 22:25:05.093,99.0,2022-11-17 22:28:50.404,99.0,2022-11-16 22:29:00.471,1.0,2022-11-16 22:28:48.166,1.0,2022-11-16 22:28:35.480,1.0,2022-11-16 22:26:33.481,66.49381334066717
199,2022-11-17 22:41:32.692,1.0,2022-11-17 22:39:15.047,63.6160477365747,2022-11-17 22:27:03.198,99.0,2022-11-17 22:30:48.268,99.0,2022-11-16 22:30:55.818,1.0,2022-11-16 22:30:42.904,1.0,2022-11-16 22:30:29.903,7.493696641905675,2022-11-16 22:28:23.233,68.21191889698663
200,2022-11-17 22:43:34.382,1.0,2022-11-17 22:41:18.966,59.80355437033392,2022-11-17 22:29:04.512,99.0,2022-11-17 22:32:48.235,99.0,2022-11-16 22:32:47.714,1.0,2022-11-16 22:32:35.082,1.0,2022-11-16 22:32:22.023,6.8012016240950866,2022-11-16 22:30:13.391,62.90939263219479
201,2022-11-17 22:45:31.270,1.0,2022-11-17 22:43:18.787,59.23778985443245,2022-11-17 22:31:02.138,99.0,2022-11-17 22:34:47.685,99.0,2022-11-16 22:34:38.129,1.0,2022-11-16 22:34:25.198,1.0,2022-11-16 22:34:13.111,6.529511068271782,2022-11-16 22:32:08.537,61.1393127887559
202,2022-11-17 22:47:33.143,1.0,2022-11-17 22:45:17.436,63.142082035142245,2022-11-17 22:33:01.395,99.0,2022-11-17 22:36:44.136,99.0,2022-11-16 22:36:35.140,1.0,2022-11-16 22:36:22.261,1.0,2022-11-16 22:36:08.327,7.887963847388303,2022-11-16 22:33:59.395,60.867622232932604
203,2022-11-17 22:49:34.320,1.0,2022-11-17 22:47:19.453,61.348616909058165,2022-11-17 22:35:01.475,99.0,2022-11-17 22:38:42.751,99.0,2022-11-16 22:38:31.469,1.0,2022-11-16 22:38:19.333,1.0,2022-11-16 22:38:06.884,9.060822286429607,2022-11-16 22:35:53.692,61.95438445622582
204,2022-11-17 22:51:36.544,1.0,2022-11-17 22:49:20.288,62.76323179748293,2022-11-17 22:36:58.481,99.0,2022-11-17 22:40:43.445,99.0,2022-11-16 22:40:26.447,1.0,2022-11-16 22:40:12.707,1.0,2022-11-16 22:40:00.556,10.976092949578808,2022-11-16 22:37:53.086,63.01377834603536
205,2022-11-17 22:53:37.314,1.0,2022-11-17 22:51:23.032,55.923633352404714,2022-11-17 22:38:56.018,99.0,2022-11-17 22:42:46.628,99.0,2022-11-16 22:42:19.902,1.0,2022-11-16 22:42:05.931,1.0,2022-11-16 22:41:52.966,10.976092949578808,2022-11-16 22:39:46.885,64.90496449842497
206,2022-11-17 22:55:40.611,1.0,2022-11-17 22:53:23.776,47.083080399135326,2022-11-17 22:40:57.565,99.0,2022-11-17 22:44:48.054,99.0,2022-11-16 22:44:10.915,1.0,2022-11-16 22:43:58.629,1.0,2022-11-16 22:43:46.112,10.976092949578808,2022-11-16 22:41:39.374,65.17596385294179
207,2022-11-17 22:57:50.432,1.0,2022-11-17 22:55:27.055,39.25555035870467,2022-11-17 22:43:00.321,99.0,2022-11-17 22:46:45.223,99.0,2022-11-16 22:46:09.536,1.0,2022-11-16 22:45:56.956,1.0,2022-11-16 22:45:41.580,1.0,2022-11-16 22:43:34.019,65.4469632074586
208,2022-11-17 23:00:03.190,1.0,2022-11-17 22:57:32.752,33.42327770325107,2022-11-17 22:45:01.296,99.0,2022-11-17 22:48:46.574,99.0,2022-11-16 22:48:07.241,1.0,2022-11-16 22:47:52.425,1.0,2022-11-16 22:47:39.489,1.0,2022-11-16 22:45:27.574,82.38097477940165
209,,,2022-11-17 22:59:48.571,35.83881913599771,2022-11-17 22:46:59.585,99.0,2022-11-17 22:50:47.757,99.0,2022-11-16 22:50:00.285,1.0,2022-11-16 22:49:47.834,1.0,2022-11-16 22:49:35.782,1.0,2022-11-16 22:47:26.106,80.06056428363273
210,,,,,2022-11-17 22:49:00.166,99.0,2022-11-17 22:52:50.352,99.0,2022-11-16 22:51:48.912,1.0,2022-11-16 22:51:36.608,1.0,2022-11-16 22:51:24.527,1.0,2022-11-16 22:49:23.325,83.75955653924794
211,,,,,2022-11-17 22:51:01.016,99.0,2022-11-17 22:54:51.081,99.0,2022-11-16 22:53:48.119,1.0,2022-11-16 22:53:30.844,1.0,2022-11-16 22:53:17.827,1.0,2022-11-16 22:51:11.994,86.12864822621275
212,,,,,2022-11-17 22:53:05.018,99.0,2022-11-17 22:56:54.818,99.0,2022-11-16 22:55:39.074,1.0,2022-11-16 22:55:26.098,1.0,2022-11-16 22:55:13.474,1.0,2022-11-16 22:53:04.440,85.53637530447155
213,,,,,2022-11-17 22:55:04.855,99.0,2022-11-17 22:59:04.261,99.0,2022-11-16 22:57:30.174,1.0,2022-11-16 22:57:18.029,1.0,2022-11-16 22:57:05.334,1.0,2022-11-16 22:55:00.797,83.75955653924794
214,,,,,2022-11-17 22:57:08.049,99.0,,,2022-11-16 22:59:22.407,1.0,2022-11-16 22:59:09.010,1.0,2022-11-16 22:58:56.370,1.0,2022-11-16 22:56:52.776,99.0
215,,,,,2022-11-17 22:59:20.043,99.0,,,,,,,,,2022-11-16 22:58:42.604,99.0
